video_id,wav_path,label,label_name,start_time,end_time,duration
trial_lie_001,d:\NSBM\3rd Year\Final Year Project\Product Development\Github\Mutimodal-Deception-Dectection\Demos\Real Life Trial Data (Demo 5)\train\audio_model\extracted_audio\deceptive\trial_lie_001.wav,1,deceptive,0.0,5.0,16.96
trial_lie_001,d:\NSBM\3rd Year\Final Year Project\Product Development\Github\Mutimodal-Deception-Dectection\Demos\Real Life Trial Data (Demo 5)\train\audio_model\extracted_audio\deceptive\trial_lie_001.wav,1,deceptive,2.5,7.5,16.96
trial_lie_001,d:\NSBM\3rd Year\Final Year Project\Product Development\Github\Mutimodal-Deception-Dectection\Demos\Real Life Trial Data (Demo 5)\train\audio_model\extracted_audio\deceptive\trial_lie_001.wav,1,deceptive,5.0,10.0,16.96
trial_lie_001,d:\NSBM\3rd Year\Final Year Project\Product Development\Github\Mutimodal-Deception-Dectection\Demos\Real Life Trial Data (Demo 5)\train\audio_model\extracted_audio\deceptive\trial_lie_001.wav,1,deceptive,7.5,12.5,16.96
trial_lie_001,d:\NSBM\3rd Year\Final Year Project\Product Development\Github\Mutimodal-Deception-Dectection\Demos\Real Life Trial Data (Demo 5)\train\audio_model\extracted_audio\deceptive\trial_lie_001.wav,1,deceptive,10.0,15.0,16.96
trial_lie_002,d:\NSBM\3rd Year\Final Year Project\Product Development\Github\Mutimodal-Deception-Dectection\Demos\Real Life Trial Data (Demo 5)\train\audio_model\extracted_audio\deceptive\trial_lie_002.wav,1,deceptive,0.0,5.0,62.4853125
trial_lie_002,d:\NSBM\3rd Year\Final Year Project\Product Development\Github\Mutimodal-Deception-Dectection\Demos\Real Life Trial Data (Demo 5)\train\audio_model\extracted_audio\deceptive\trial_lie_002.wav,1,deceptive,2.5,7.5,62.4853125
trial_lie_002,d:\NSBM\3rd Year\Final Year Project\Product Development\Github\Mutimodal-Deception-Dectection\Demos\Real Life Trial Data (Demo 5)\train\audio_model\extracted_audio\deceptive\trial_lie_002.wav,1,deceptive,5.0,10.0,62.4853125
trial_lie_002,d:\NSBM\3rd Year\Final Year Project\Product Development\Github\Mutimodal-Deception-Dectection\Demos\Real Life Trial Data (Demo 5)\train\audio_model\extracted_audio\deceptive\trial_lie_002.wav,1,deceptive,7.5,12.5,62.4853125
trial_lie_002,d:\NSBM\3rd Year\Final Year Project\Product Development\Github\Mutimodal-Deception-Dectection\Demos\Real Life Trial Data (Demo 5)\train\audio_model\extracted_audio\deceptive\trial_lie_002.wav,1,deceptive,10.0,15.0,62.4853125
trial_lie_002,d:\NSBM\3rd Year\Final Year Project\Product Development\Github\Mutimodal-Deception-Dectection\Demos\Real Life Trial Data (Demo 5)\train\audio_model\extracted_audio\deceptive\trial_lie_002.wav,1,deceptive,12.5,17.5,62.4853125
trial_lie_002,d:\NSBM\3rd Year\Final Year Project\Product Development\Github\Mutimodal-Deception-Dectection\Demos\Real Life Trial Data (Demo 5)\train\audio_model\extracted_audio\deceptive\trial_lie_002.wav,1,deceptive,15.0,20.0,62.4853125
trial_lie_002,d:\NSBM\3rd Year\Final Year Project\Product Development\Github\Mutimodal-Deception-Dectection\Demos\Real Life Trial Data (Demo 5)\train\audio_model\extracted_audio\deceptive\trial_lie_002.wav,1,deceptive,17.5,22.5,62.4853125
trial_lie_002,d:\NSBM\3rd Year\Final Year Project\Product Development\Github\Mutimodal-Deception-Dectection\Demos\Real Life Trial Data (Demo 5)\train\audio_model\extracted_audio\deceptive\trial_lie_002.wav,1,deceptive,20.0,25.0,62.4853125
trial_lie_002,d:\NSBM\3rd Year\Final Year Project\Product Development\Github\Mutimodal-Deception-Dectection\Demos\Real Life Trial Data (Demo 5)\train\audio_model\extracted_audio\deceptive\trial_lie_002.wav,1,deceptive,22.5,27.5,62.4853125
trial_lie_002,d:\NSBM\3rd Year\Final Year Project\Product Development\Github\Mutimodal-Deception-Dectection\Demos\Real Life Trial Data (Demo 5)\train\audio_model\extracted_audio\deceptive\trial_lie_002.wav,1,deceptive,25.0,30.0,62.4853125
trial_lie_002,d:\NSBM\3rd Year\Final Year Project\Product Development\Github\Mutimodal-Deception-Dectection\Demos\Real Life Trial Data (Demo 5)\train\audio_model\extracted_audio\deceptive\trial_lie_002.wav,1,deceptive,27.5,32.5,62.4853125
trial_lie_002,d:\NSBM\3rd Year\Final Year Project\Product Development\Github\Mutimodal-Deception-Dectection\Demos\Real Life Trial Data (Demo 5)\train\audio_model\extracted_audio\deceptive\trial_lie_002.wav,1,deceptive,30.0,35.0,62.4853125
trial_lie_002,d:\NSBM\3rd Year\Final Year Project\Product Development\Github\Mutimodal-Deception-Dectection\Demos\Real Life Trial Data (Demo 5)\train\audio_model\extracted_audio\deceptive\trial_lie_002.wav,1,deceptive,32.5,37.5,62.4853125
trial_lie_002,d:\NSBM\3rd Year\Final Year Project\Product Development\Github\Mutimodal-Deception-Dectection\Demos\Real Life Trial Data (Demo 5)\train\audio_model\extracted_audio\deceptive\trial_lie_002.wav,1,deceptive,35.0,40.0,62.4853125
trial_lie_002,d:\NSBM\3rd Year\Final Year Project\Product Development\Github\Mutimodal-Deception-Dectection\Demos\Real Life Trial Data (Demo 5)\train\audio_model\extracted_audio\deceptive\trial_lie_002.wav,1,deceptive,37.5,42.5,62.4853125
trial_lie_002,d:\NSBM\3rd Year\Final Year Project\Product Development\Github\Mutimodal-Deception-Dectection\Demos\Real Life Trial Data (Demo 5)\train\audio_model\extracted_audio\deceptive\trial_lie_002.wav,1,deceptive,40.0,45.0,62.4853125
trial_lie_002,d:\NSBM\3rd Year\Final Year Project\Product Development\Github\Mutimodal-Deception-Dectection\Demos\Real Life Trial Data (Demo 5)\train\audio_model\extracted_audio\deceptive\trial_lie_002.wav,1,deceptive,42.5,47.5,62.4853125
trial_lie_002,d:\NSBM\3rd Year\Final Year Project\Product Development\Github\Mutimodal-Deception-Dectection\Demos\Real Life Trial Data (Demo 5)\train\audio_model\extracted_audio\deceptive\trial_lie_002.wav,1,deceptive,45.0,50.0,62.4853125
trial_lie_002,d:\NSBM\3rd Year\Final Year Project\Product Development\Github\Mutimodal-Deception-Dectection\Demos\Real Life Trial Data (Demo 5)\train\audio_model\extracted_audio\deceptive\trial_lie_002.wav,1,deceptive,47.5,52.5,62.4853125
trial_lie_002,d:\NSBM\3rd Year\Final Year Project\Product Development\Github\Mutimodal-Deception-Dectection\Demos\Real Life Trial Data (Demo 5)\train\audio_model\extracted_audio\deceptive\trial_lie_002.wav,1,deceptive,50.0,55.0,62.4853125
trial_lie_002,d:\NSBM\3rd Year\Final Year Project\Product Development\Github\Mutimodal-Deception-Dectection\Demos\Real Life Trial Data (Demo 5)\train\audio_model\extracted_audio\deceptive\trial_lie_002.wav,1,deceptive,52.5,57.5,62.4853125
trial_lie_002,d:\NSBM\3rd Year\Final Year Project\Product Development\Github\Mutimodal-Deception-Dectection\Demos\Real Life Trial Data (Demo 5)\train\audio_model\extracted_audio\deceptive\trial_lie_002.wav,1,deceptive,55.0,60.0,62.4853125
trial_lie_003,d:\NSBM\3rd Year\Final Year Project\Product Development\Github\Mutimodal-Deception-Dectection\Demos\Real Life Trial Data (Demo 5)\train\audio_model\extracted_audio\deceptive\trial_lie_003.wav,1,deceptive,0.0,5.0,7.0186875
trial_lie_004,d:\NSBM\3rd Year\Final Year Project\Product Development\Github\Mutimodal-Deception-Dectection\Demos\Real Life Trial Data (Demo 5)\train\audio_model\extracted_audio\deceptive\trial_lie_004.wav,1,deceptive,0.0,5.0,11.584
trial_lie_004,d:\NSBM\3rd Year\Final Year Project\Product Development\Github\Mutimodal-Deception-Dectection\Demos\Real Life Trial Data (Demo 5)\train\audio_model\extracted_audio\deceptive\trial_lie_004.wav,1,deceptive,2.5,7.5,11.584
trial_lie_004,d:\NSBM\3rd Year\Final Year Project\Product Development\Github\Mutimodal-Deception-Dectection\Demos\Real Life Trial Data (Demo 5)\train\audio_model\extracted_audio\deceptive\trial_lie_004.wav,1,deceptive,5.0,10.0,11.584
trial_lie_005,d:\NSBM\3rd Year\Final Year Project\Product Development\Github\Mutimodal-Deception-Dectection\Demos\Real Life Trial Data (Demo 5)\train\audio_model\extracted_audio\deceptive\trial_lie_005.wav,1,deceptive,0.0,5.0,53.4186875
trial_lie_005,d:\NSBM\3rd Year\Final Year Project\Product Development\Github\Mutimodal-Deception-Dectection\Demos\Real Life Trial Data (Demo 5)\train\audio_model\extracted_audio\deceptive\trial_lie_005.wav,1,deceptive,2.5,7.5,53.4186875
trial_lie_005,d:\NSBM\3rd Year\Final Year Project\Product Development\Github\Mutimodal-Deception-Dectection\Demos\Real Life Trial Data (Demo 5)\train\audio_model\extracted_audio\deceptive\trial_lie_005.wav,1,deceptive,5.0,10.0,53.4186875
trial_lie_005,d:\NSBM\3rd Year\Final Year Project\Product Development\Github\Mutimodal-Deception-Dectection\Demos\Real Life Trial Data (Demo 5)\train\audio_model\extracted_audio\deceptive\trial_lie_005.wav,1,deceptive,7.5,12.5,53.4186875
trial_lie_005,d:\NSBM\3rd Year\Final Year Project\Product Development\Github\Mutimodal-Deception-Dectection\Demos\Real Life Trial Data (Demo 5)\train\audio_model\extracted_audio\deceptive\trial_lie_005.wav,1,deceptive,10.0,15.0,53.4186875
trial_lie_005,d:\NSBM\3rd Year\Final Year Project\Product Development\Github\Mutimodal-Deception-Dectection\Demos\Real Life Trial Data (Demo 5)\train\audio_model\extracted_audio\deceptive\trial_lie_005.wav,1,deceptive,12.5,17.5,53.4186875
trial_lie_005,d:\NSBM\3rd Year\Final Year Project\Product Development\Github\Mutimodal-Deception-Dectection\Demos\Real Life Trial Data (Demo 5)\train\audio_model\extracted_audio\deceptive\trial_lie_005.wav,1,deceptive,15.0,20.0,53.4186875
trial_lie_005,d:\NSBM\3rd Year\Final Year Project\Product Development\Github\Mutimodal-Deception-Dectection\Demos\Real Life Trial Data (Demo 5)\train\audio_model\extracted_audio\deceptive\trial_lie_005.wav,1,deceptive,17.5,22.5,53.4186875
trial_lie_005,d:\NSBM\3rd Year\Final Year Project\Product Development\Github\Mutimodal-Deception-Dectection\Demos\Real Life Trial Data (Demo 5)\train\audio_model\extracted_audio\deceptive\trial_lie_005.wav,1,deceptive,20.0,25.0,53.4186875
trial_lie_005,d:\NSBM\3rd Year\Final Year Project\Product Development\Github\Mutimodal-Deception-Dectection\Demos\Real Life Trial Data (Demo 5)\train\audio_model\extracted_audio\deceptive\trial_lie_005.wav,1,deceptive,22.5,27.5,53.4186875
trial_lie_005,d:\NSBM\3rd Year\Final Year Project\Product Development\Github\Mutimodal-Deception-Dectection\Demos\Real Life Trial Data (Demo 5)\train\audio_model\extracted_audio\deceptive\trial_lie_005.wav,1,deceptive,25.0,30.0,53.4186875
trial_lie_005,d:\NSBM\3rd Year\Final Year Project\Product Development\Github\Mutimodal-Deception-Dectection\Demos\Real Life Trial Data (Demo 5)\train\audio_model\extracted_audio\deceptive\trial_lie_005.wav,1,deceptive,27.5,32.5,53.4186875
trial_lie_005,d:\NSBM\3rd Year\Final Year Project\Product Development\Github\Mutimodal-Deception-Dectection\Demos\Real Life Trial Data (Demo 5)\train\audio_model\extracted_audio\deceptive\trial_lie_005.wav,1,deceptive,30.0,35.0,53.4186875
trial_lie_005,d:\NSBM\3rd Year\Final Year Project\Product Development\Github\Mutimodal-Deception-Dectection\Demos\Real Life Trial Data (Demo 5)\train\audio_model\extracted_audio\deceptive\trial_lie_005.wav,1,deceptive,32.5,37.5,53.4186875
trial_lie_005,d:\NSBM\3rd Year\Final Year Project\Product Development\Github\Mutimodal-Deception-Dectection\Demos\Real Life Trial Data (Demo 5)\train\audio_model\extracted_audio\deceptive\trial_lie_005.wav,1,deceptive,35.0,40.0,53.4186875
trial_lie_005,d:\NSBM\3rd Year\Final Year Project\Product Development\Github\Mutimodal-Deception-Dectection\Demos\Real Life Trial Data (Demo 5)\train\audio_model\extracted_audio\deceptive\trial_lie_005.wav,1,deceptive,37.5,42.5,53.4186875
trial_lie_005,d:\NSBM\3rd Year\Final Year Project\Product Development\Github\Mutimodal-Deception-Dectection\Demos\Real Life Trial Data (Demo 5)\train\audio_model\extracted_audio\deceptive\trial_lie_005.wav,1,deceptive,40.0,45.0,53.4186875
trial_lie_005,d:\NSBM\3rd Year\Final Year Project\Product Development\Github\Mutimodal-Deception-Dectection\Demos\Real Life Trial Data (Demo 5)\train\audio_model\extracted_audio\deceptive\trial_lie_005.wav,1,deceptive,42.5,47.5,53.4186875
trial_lie_005,d:\NSBM\3rd Year\Final Year Project\Product Development\Github\Mutimodal-Deception-Dectection\Demos\Real Life Trial Data (Demo 5)\train\audio_model\extracted_audio\deceptive\trial_lie_005.wav,1,deceptive,45.0,50.0,53.4186875
trial_lie_005,d:\NSBM\3rd Year\Final Year Project\Product Development\Github\Mutimodal-Deception-Dectection\Demos\Real Life Trial Data (Demo 5)\train\audio_model\extracted_audio\deceptive\trial_lie_005.wav,1,deceptive,47.5,52.5,53.4186875
trial_lie_006,d:\NSBM\3rd Year\Final Year Project\Product Development\Github\Mutimodal-Deception-Dectection\Demos\Real Life Trial Data (Demo 5)\train\audio_model\extracted_audio\deceptive\trial_lie_006.wav,1,deceptive,0.0,5.0,18.176
trial_lie_006,d:\NSBM\3rd Year\Final Year Project\Product Development\Github\Mutimodal-Deception-Dectection\Demos\Real Life Trial Data (Demo 5)\train\audio_model\extracted_audio\deceptive\trial_lie_006.wav,1,deceptive,2.5,7.5,18.176
trial_lie_006,d:\NSBM\3rd Year\Final Year Project\Product Development\Github\Mutimodal-Deception-Dectection\Demos\Real Life Trial Data (Demo 5)\train\audio_model\extracted_audio\deceptive\trial_lie_006.wav,1,deceptive,5.0,10.0,18.176
trial_lie_006,d:\NSBM\3rd Year\Final Year Project\Product Development\Github\Mutimodal-Deception-Dectection\Demos\Real Life Trial Data (Demo 5)\train\audio_model\extracted_audio\deceptive\trial_lie_006.wav,1,deceptive,7.5,12.5,18.176
trial_lie_006,d:\NSBM\3rd Year\Final Year Project\Product Development\Github\Mutimodal-Deception-Dectection\Demos\Real Life Trial Data (Demo 5)\train\audio_model\extracted_audio\deceptive\trial_lie_006.wav,1,deceptive,10.0,15.0,18.176
trial_lie_006,d:\NSBM\3rd Year\Final Year Project\Product Development\Github\Mutimodal-Deception-Dectection\Demos\Real Life Trial Data (Demo 5)\train\audio_model\extracted_audio\deceptive\trial_lie_006.wav,1,deceptive,12.5,17.5,18.176
trial_lie_007,d:\NSBM\3rd Year\Final Year Project\Product Development\Github\Mutimodal-Deception-Dectection\Demos\Real Life Trial Data (Demo 5)\train\audio_model\extracted_audio\deceptive\trial_lie_007.wav,1,deceptive,0.0,5.0,46.7626875
trial_lie_007,d:\NSBM\3rd Year\Final Year Project\Product Development\Github\Mutimodal-Deception-Dectection\Demos\Real Life Trial Data (Demo 5)\train\audio_model\extracted_audio\deceptive\trial_lie_007.wav,1,deceptive,2.5,7.5,46.7626875
trial_lie_007,d:\NSBM\3rd Year\Final Year Project\Product Development\Github\Mutimodal-Deception-Dectection\Demos\Real Life Trial Data (Demo 5)\train\audio_model\extracted_audio\deceptive\trial_lie_007.wav,1,deceptive,5.0,10.0,46.7626875
trial_lie_007,d:\NSBM\3rd Year\Final Year Project\Product Development\Github\Mutimodal-Deception-Dectection\Demos\Real Life Trial Data (Demo 5)\train\audio_model\extracted_audio\deceptive\trial_lie_007.wav,1,deceptive,7.5,12.5,46.7626875
trial_lie_007,d:\NSBM\3rd Year\Final Year Project\Product Development\Github\Mutimodal-Deception-Dectection\Demos\Real Life Trial Data (Demo 5)\train\audio_model\extracted_audio\deceptive\trial_lie_007.wav,1,deceptive,10.0,15.0,46.7626875
trial_lie_007,d:\NSBM\3rd Year\Final Year Project\Product Development\Github\Mutimodal-Deception-Dectection\Demos\Real Life Trial Data (Demo 5)\train\audio_model\extracted_audio\deceptive\trial_lie_007.wav,1,deceptive,12.5,17.5,46.7626875
trial_lie_007,d:\NSBM\3rd Year\Final Year Project\Product Development\Github\Mutimodal-Deception-Dectection\Demos\Real Life Trial Data (Demo 5)\train\audio_model\extracted_audio\deceptive\trial_lie_007.wav,1,deceptive,15.0,20.0,46.7626875
trial_lie_007,d:\NSBM\3rd Year\Final Year Project\Product Development\Github\Mutimodal-Deception-Dectection\Demos\Real Life Trial Data (Demo 5)\train\audio_model\extracted_audio\deceptive\trial_lie_007.wav,1,deceptive,17.5,22.5,46.7626875
trial_lie_007,d:\NSBM\3rd Year\Final Year Project\Product Development\Github\Mutimodal-Deception-Dectection\Demos\Real Life Trial Data (Demo 5)\train\audio_model\extracted_audio\deceptive\trial_lie_007.wav,1,deceptive,20.0,25.0,46.7626875
trial_lie_007,d:\NSBM\3rd Year\Final Year Project\Product Development\Github\Mutimodal-Deception-Dectection\Demos\Real Life Trial Data (Demo 5)\train\audio_model\extracted_audio\deceptive\trial_lie_007.wav,1,deceptive,22.5,27.5,46.7626875
trial_lie_007,d:\NSBM\3rd Year\Final Year Project\Product Development\Github\Mutimodal-Deception-Dectection\Demos\Real Life Trial Data (Demo 5)\train\audio_model\extracted_audio\deceptive\trial_lie_007.wav,1,deceptive,25.0,30.0,46.7626875
trial_lie_007,d:\NSBM\3rd Year\Final Year Project\Product Development\Github\Mutimodal-Deception-Dectection\Demos\Real Life Trial Data (Demo 5)\train\audio_model\extracted_audio\deceptive\trial_lie_007.wav,1,deceptive,27.5,32.5,46.7626875
trial_lie_007,d:\NSBM\3rd Year\Final Year Project\Product Development\Github\Mutimodal-Deception-Dectection\Demos\Real Life Trial Data (Demo 5)\train\audio_model\extracted_audio\deceptive\trial_lie_007.wav,1,deceptive,30.0,35.0,46.7626875
trial_lie_007,d:\NSBM\3rd Year\Final Year Project\Product Development\Github\Mutimodal-Deception-Dectection\Demos\Real Life Trial Data (Demo 5)\train\audio_model\extracted_audio\deceptive\trial_lie_007.wav,1,deceptive,32.5,37.5,46.7626875
trial_lie_007,d:\NSBM\3rd Year\Final Year Project\Product Development\Github\Mutimodal-Deception-Dectection\Demos\Real Life Trial Data (Demo 5)\train\audio_model\extracted_audio\deceptive\trial_lie_007.wav,1,deceptive,35.0,40.0,46.7626875
trial_lie_007,d:\NSBM\3rd Year\Final Year Project\Product Development\Github\Mutimodal-Deception-Dectection\Demos\Real Life Trial Data (Demo 5)\train\audio_model\extracted_audio\deceptive\trial_lie_007.wav,1,deceptive,37.5,42.5,46.7626875
trial_lie_007,d:\NSBM\3rd Year\Final Year Project\Product Development\Github\Mutimodal-Deception-Dectection\Demos\Real Life Trial Data (Demo 5)\train\audio_model\extracted_audio\deceptive\trial_lie_007.wav,1,deceptive,40.0,45.0,46.7626875
trial_lie_008,d:\NSBM\3rd Year\Final Year Project\Product Development\Github\Mutimodal-Deception-Dectection\Demos\Real Life Trial Data (Demo 5)\train\audio_model\extracted_audio\deceptive\trial_lie_008.wav,1,deceptive,0.0,5.0,7.2533125
trial_lie_009,d:\NSBM\3rd Year\Final Year Project\Product Development\Github\Mutimodal-Deception-Dectection\Demos\Real Life Trial Data (Demo 5)\train\audio_model\extracted_audio\deceptive\trial_lie_009.wav,1,deceptive,0.0,5.0,20.608
trial_lie_009,d:\NSBM\3rd Year\Final Year Project\Product Development\Github\Mutimodal-Deception-Dectection\Demos\Real Life Trial Data (Demo 5)\train\audio_model\extracted_audio\deceptive\trial_lie_009.wav,1,deceptive,2.5,7.5,20.608
trial_lie_009,d:\NSBM\3rd Year\Final Year Project\Product Development\Github\Mutimodal-Deception-Dectection\Demos\Real Life Trial Data (Demo 5)\train\audio_model\extracted_audio\deceptive\trial_lie_009.wav,1,deceptive,5.0,10.0,20.608
trial_lie_009,d:\NSBM\3rd Year\Final Year Project\Product Development\Github\Mutimodal-Deception-Dectection\Demos\Real Life Trial Data (Demo 5)\train\audio_model\extracted_audio\deceptive\trial_lie_009.wav,1,deceptive,7.5,12.5,20.608
trial_lie_009,d:\NSBM\3rd Year\Final Year Project\Product Development\Github\Mutimodal-Deception-Dectection\Demos\Real Life Trial Data (Demo 5)\train\audio_model\extracted_audio\deceptive\trial_lie_009.wav,1,deceptive,10.0,15.0,20.608
trial_lie_009,d:\NSBM\3rd Year\Final Year Project\Product Development\Github\Mutimodal-Deception-Dectection\Demos\Real Life Trial Data (Demo 5)\train\audio_model\extracted_audio\deceptive\trial_lie_009.wav,1,deceptive,12.5,17.5,20.608
trial_lie_009,d:\NSBM\3rd Year\Final Year Project\Product Development\Github\Mutimodal-Deception-Dectection\Demos\Real Life Trial Data (Demo 5)\train\audio_model\extracted_audio\deceptive\trial_lie_009.wav,1,deceptive,15.0,20.0,20.608
trial_lie_010,d:\NSBM\3rd Year\Final Year Project\Product Development\Github\Mutimodal-Deception-Dectection\Demos\Real Life Trial Data (Demo 5)\train\audio_model\extracted_audio\deceptive\trial_lie_010.wav,1,deceptive,0.0,5.0,29.184
trial_lie_010,d:\NSBM\3rd Year\Final Year Project\Product Development\Github\Mutimodal-Deception-Dectection\Demos\Real Life Trial Data (Demo 5)\train\audio_model\extracted_audio\deceptive\trial_lie_010.wav,1,deceptive,2.5,7.5,29.184
trial_lie_010,d:\NSBM\3rd Year\Final Year Project\Product Development\Github\Mutimodal-Deception-Dectection\Demos\Real Life Trial Data (Demo 5)\train\audio_model\extracted_audio\deceptive\trial_lie_010.wav,1,deceptive,5.0,10.0,29.184
trial_lie_010,d:\NSBM\3rd Year\Final Year Project\Product Development\Github\Mutimodal-Deception-Dectection\Demos\Real Life Trial Data (Demo 5)\train\audio_model\extracted_audio\deceptive\trial_lie_010.wav,1,deceptive,7.5,12.5,29.184
trial_lie_010,d:\NSBM\3rd Year\Final Year Project\Product Development\Github\Mutimodal-Deception-Dectection\Demos\Real Life Trial Data (Demo 5)\train\audio_model\extracted_audio\deceptive\trial_lie_010.wav,1,deceptive,10.0,15.0,29.184
trial_lie_010,d:\NSBM\3rd Year\Final Year Project\Product Development\Github\Mutimodal-Deception-Dectection\Demos\Real Life Trial Data (Demo 5)\train\audio_model\extracted_audio\deceptive\trial_lie_010.wav,1,deceptive,12.5,17.5,29.184
trial_lie_010,d:\NSBM\3rd Year\Final Year Project\Product Development\Github\Mutimodal-Deception-Dectection\Demos\Real Life Trial Data (Demo 5)\train\audio_model\extracted_audio\deceptive\trial_lie_010.wav,1,deceptive,15.0,20.0,29.184
trial_lie_010,d:\NSBM\3rd Year\Final Year Project\Product Development\Github\Mutimodal-Deception-Dectection\Demos\Real Life Trial Data (Demo 5)\train\audio_model\extracted_audio\deceptive\trial_lie_010.wav,1,deceptive,17.5,22.5,29.184
trial_lie_010,d:\NSBM\3rd Year\Final Year Project\Product Development\Github\Mutimodal-Deception-Dectection\Demos\Real Life Trial Data (Demo 5)\train\audio_model\extracted_audio\deceptive\trial_lie_010.wav,1,deceptive,20.0,25.0,29.184
trial_lie_010,d:\NSBM\3rd Year\Final Year Project\Product Development\Github\Mutimodal-Deception-Dectection\Demos\Real Life Trial Data (Demo 5)\train\audio_model\extracted_audio\deceptive\trial_lie_010.wav,1,deceptive,22.5,27.5,29.184
trial_lie_011,d:\NSBM\3rd Year\Final Year Project\Product Development\Github\Mutimodal-Deception-Dectection\Demos\Real Life Trial Data (Demo 5)\train\audio_model\extracted_audio\deceptive\trial_lie_011.wav,1,deceptive,0.0,5.0,33.664
trial_lie_011,d:\NSBM\3rd Year\Final Year Project\Product Development\Github\Mutimodal-Deception-Dectection\Demos\Real Life Trial Data (Demo 5)\train\audio_model\extracted_audio\deceptive\trial_lie_011.wav,1,deceptive,2.5,7.5,33.664
trial_lie_011,d:\NSBM\3rd Year\Final Year Project\Product Development\Github\Mutimodal-Deception-Dectection\Demos\Real Life Trial Data (Demo 5)\train\audio_model\extracted_audio\deceptive\trial_lie_011.wav,1,deceptive,5.0,10.0,33.664
trial_lie_011,d:\NSBM\3rd Year\Final Year Project\Product Development\Github\Mutimodal-Deception-Dectection\Demos\Real Life Trial Data (Demo 5)\train\audio_model\extracted_audio\deceptive\trial_lie_011.wav,1,deceptive,7.5,12.5,33.664
trial_lie_011,d:\NSBM\3rd Year\Final Year Project\Product Development\Github\Mutimodal-Deception-Dectection\Demos\Real Life Trial Data (Demo 5)\train\audio_model\extracted_audio\deceptive\trial_lie_011.wav,1,deceptive,10.0,15.0,33.664
trial_lie_011,d:\NSBM\3rd Year\Final Year Project\Product Development\Github\Mutimodal-Deception-Dectection\Demos\Real Life Trial Data (Demo 5)\train\audio_model\extracted_audio\deceptive\trial_lie_011.wav,1,deceptive,12.5,17.5,33.664
trial_lie_011,d:\NSBM\3rd Year\Final Year Project\Product Development\Github\Mutimodal-Deception-Dectection\Demos\Real Life Trial Data (Demo 5)\train\audio_model\extracted_audio\deceptive\trial_lie_011.wav,1,deceptive,15.0,20.0,33.664
trial_lie_011,d:\NSBM\3rd Year\Final Year Project\Product Development\Github\Mutimodal-Deception-Dectection\Demos\Real Life Trial Data (Demo 5)\train\audio_model\extracted_audio\deceptive\trial_lie_011.wav,1,deceptive,17.5,22.5,33.664
trial_lie_011,d:\NSBM\3rd Year\Final Year Project\Product Development\Github\Mutimodal-Deception-Dectection\Demos\Real Life Trial Data (Demo 5)\train\audio_model\extracted_audio\deceptive\trial_lie_011.wav,1,deceptive,20.0,25.0,33.664
trial_lie_011,d:\NSBM\3rd Year\Final Year Project\Product Development\Github\Mutimodal-Deception-Dectection\Demos\Real Life Trial Data (Demo 5)\train\audio_model\extracted_audio\deceptive\trial_lie_011.wav,1,deceptive,22.5,27.5,33.664
trial_lie_011,d:\NSBM\3rd Year\Final Year Project\Product Development\Github\Mutimodal-Deception-Dectection\Demos\Real Life Trial Data (Demo 5)\train\audio_model\extracted_audio\deceptive\trial_lie_011.wav,1,deceptive,25.0,30.0,33.664
trial_lie_011,d:\NSBM\3rd Year\Final Year Project\Product Development\Github\Mutimodal-Deception-Dectection\Demos\Real Life Trial Data (Demo 5)\train\audio_model\extracted_audio\deceptive\trial_lie_011.wav,1,deceptive,27.5,32.5,33.664
trial_lie_012,d:\NSBM\3rd Year\Final Year Project\Product Development\Github\Mutimodal-Deception-Dectection\Demos\Real Life Trial Data (Demo 5)\train\audio_model\extracted_audio\deceptive\trial_lie_012.wav,1,deceptive,0.0,5.0,7.8506875
trial_lie_012,d:\NSBM\3rd Year\Final Year Project\Product Development\Github\Mutimodal-Deception-Dectection\Demos\Real Life Trial Data (Demo 5)\train\audio_model\extracted_audio\deceptive\trial_lie_012.wav,1,deceptive,2.5,7.5,7.8506875
trial_lie_013,d:\NSBM\3rd Year\Final Year Project\Product Development\Github\Mutimodal-Deception-Dectection\Demos\Real Life Trial Data (Demo 5)\train\audio_model\extracted_audio\deceptive\trial_lie_013.wav,1,deceptive,0.0,5.0,19.008
trial_lie_013,d:\NSBM\3rd Year\Final Year Project\Product Development\Github\Mutimodal-Deception-Dectection\Demos\Real Life Trial Data (Demo 5)\train\audio_model\extracted_audio\deceptive\trial_lie_013.wav,1,deceptive,2.5,7.5,19.008
trial_lie_013,d:\NSBM\3rd Year\Final Year Project\Product Development\Github\Mutimodal-Deception-Dectection\Demos\Real Life Trial Data (Demo 5)\train\audio_model\extracted_audio\deceptive\trial_lie_013.wav,1,deceptive,5.0,10.0,19.008
trial_lie_013,d:\NSBM\3rd Year\Final Year Project\Product Development\Github\Mutimodal-Deception-Dectection\Demos\Real Life Trial Data (Demo 5)\train\audio_model\extracted_audio\deceptive\trial_lie_013.wav,1,deceptive,7.5,12.5,19.008
trial_lie_013,d:\NSBM\3rd Year\Final Year Project\Product Development\Github\Mutimodal-Deception-Dectection\Demos\Real Life Trial Data (Demo 5)\train\audio_model\extracted_audio\deceptive\trial_lie_013.wav,1,deceptive,10.0,15.0,19.008
trial_lie_013,d:\NSBM\3rd Year\Final Year Project\Product Development\Github\Mutimodal-Deception-Dectection\Demos\Real Life Trial Data (Demo 5)\train\audio_model\extracted_audio\deceptive\trial_lie_013.wav,1,deceptive,12.5,17.5,19.008
trial_lie_014,d:\NSBM\3rd Year\Final Year Project\Product Development\Github\Mutimodal-Deception-Dectection\Demos\Real Life Trial Data (Demo 5)\train\audio_model\extracted_audio\deceptive\trial_lie_014.wav,1,deceptive,0.0,5.0,13.870625
trial_lie_014,d:\NSBM\3rd Year\Final Year Project\Product Development\Github\Mutimodal-Deception-Dectection\Demos\Real Life Trial Data (Demo 5)\train\audio_model\extracted_audio\deceptive\trial_lie_014.wav,1,deceptive,2.5,7.5,13.870625
trial_lie_014,d:\NSBM\3rd Year\Final Year Project\Product Development\Github\Mutimodal-Deception-Dectection\Demos\Real Life Trial Data (Demo 5)\train\audio_model\extracted_audio\deceptive\trial_lie_014.wav,1,deceptive,5.0,10.0,13.870625
trial_lie_014,d:\NSBM\3rd Year\Final Year Project\Product Development\Github\Mutimodal-Deception-Dectection\Demos\Real Life Trial Data (Demo 5)\train\audio_model\extracted_audio\deceptive\trial_lie_014.wav,1,deceptive,7.5,12.5,13.870625
trial_lie_015,d:\NSBM\3rd Year\Final Year Project\Product Development\Github\Mutimodal-Deception-Dectection\Demos\Real Life Trial Data (Demo 5)\train\audio_model\extracted_audio\deceptive\trial_lie_015.wav,1,deceptive,0.0,5.0,34.396375
trial_lie_015,d:\NSBM\3rd Year\Final Year Project\Product Development\Github\Mutimodal-Deception-Dectection\Demos\Real Life Trial Data (Demo 5)\train\audio_model\extracted_audio\deceptive\trial_lie_015.wav,1,deceptive,2.5,7.5,34.396375
trial_lie_015,d:\NSBM\3rd Year\Final Year Project\Product Development\Github\Mutimodal-Deception-Dectection\Demos\Real Life Trial Data (Demo 5)\train\audio_model\extracted_audio\deceptive\trial_lie_015.wav,1,deceptive,5.0,10.0,34.396375
trial_lie_015,d:\NSBM\3rd Year\Final Year Project\Product Development\Github\Mutimodal-Deception-Dectection\Demos\Real Life Trial Data (Demo 5)\train\audio_model\extracted_audio\deceptive\trial_lie_015.wav,1,deceptive,7.5,12.5,34.396375
trial_lie_015,d:\NSBM\3rd Year\Final Year Project\Product Development\Github\Mutimodal-Deception-Dectection\Demos\Real Life Trial Data (Demo 5)\train\audio_model\extracted_audio\deceptive\trial_lie_015.wav,1,deceptive,10.0,15.0,34.396375
trial_lie_015,d:\NSBM\3rd Year\Final Year Project\Product Development\Github\Mutimodal-Deception-Dectection\Demos\Real Life Trial Data (Demo 5)\train\audio_model\extracted_audio\deceptive\trial_lie_015.wav,1,deceptive,12.5,17.5,34.396375
trial_lie_015,d:\NSBM\3rd Year\Final Year Project\Product Development\Github\Mutimodal-Deception-Dectection\Demos\Real Life Trial Data (Demo 5)\train\audio_model\extracted_audio\deceptive\trial_lie_015.wav,1,deceptive,15.0,20.0,34.396375
trial_lie_015,d:\NSBM\3rd Year\Final Year Project\Product Development\Github\Mutimodal-Deception-Dectection\Demos\Real Life Trial Data (Demo 5)\train\audio_model\extracted_audio\deceptive\trial_lie_015.wav,1,deceptive,17.5,22.5,34.396375
trial_lie_015,d:\NSBM\3rd Year\Final Year Project\Product Development\Github\Mutimodal-Deception-Dectection\Demos\Real Life Trial Data (Demo 5)\train\audio_model\extracted_audio\deceptive\trial_lie_015.wav,1,deceptive,20.0,25.0,34.396375
trial_lie_015,d:\NSBM\3rd Year\Final Year Project\Product Development\Github\Mutimodal-Deception-Dectection\Demos\Real Life Trial Data (Demo 5)\train\audio_model\extracted_audio\deceptive\trial_lie_015.wav,1,deceptive,22.5,27.5,34.396375
trial_lie_015,d:\NSBM\3rd Year\Final Year Project\Product Development\Github\Mutimodal-Deception-Dectection\Demos\Real Life Trial Data (Demo 5)\train\audio_model\extracted_audio\deceptive\trial_lie_015.wav,1,deceptive,25.0,30.0,34.396375
trial_lie_015,d:\NSBM\3rd Year\Final Year Project\Product Development\Github\Mutimodal-Deception-Dectection\Demos\Real Life Trial Data (Demo 5)\train\audio_model\extracted_audio\deceptive\trial_lie_015.wav,1,deceptive,27.5,32.5,34.396375
trial_lie_016,d:\NSBM\3rd Year\Final Year Project\Product Development\Github\Mutimodal-Deception-Dectection\Demos\Real Life Trial Data (Demo 5)\train\audio_model\extracted_audio\deceptive\trial_lie_016.wav,1,deceptive,0.0,5.0,36.9591875
trial_lie_016,d:\NSBM\3rd Year\Final Year Project\Product Development\Github\Mutimodal-Deception-Dectection\Demos\Real Life Trial Data (Demo 5)\train\audio_model\extracted_audio\deceptive\trial_lie_016.wav,1,deceptive,2.5,7.5,36.9591875
trial_lie_016,d:\NSBM\3rd Year\Final Year Project\Product Development\Github\Mutimodal-Deception-Dectection\Demos\Real Life Trial Data (Demo 5)\train\audio_model\extracted_audio\deceptive\trial_lie_016.wav,1,deceptive,5.0,10.0,36.9591875
trial_lie_016,d:\NSBM\3rd Year\Final Year Project\Product Development\Github\Mutimodal-Deception-Dectection\Demos\Real Life Trial Data (Demo 5)\train\audio_model\extracted_audio\deceptive\trial_lie_016.wav,1,deceptive,7.5,12.5,36.9591875
trial_lie_016,d:\NSBM\3rd Year\Final Year Project\Product Development\Github\Mutimodal-Deception-Dectection\Demos\Real Life Trial Data (Demo 5)\train\audio_model\extracted_audio\deceptive\trial_lie_016.wav,1,deceptive,10.0,15.0,36.9591875
trial_lie_016,d:\NSBM\3rd Year\Final Year Project\Product Development\Github\Mutimodal-Deception-Dectection\Demos\Real Life Trial Data (Demo 5)\train\audio_model\extracted_audio\deceptive\trial_lie_016.wav,1,deceptive,12.5,17.5,36.9591875
trial_lie_016,d:\NSBM\3rd Year\Final Year Project\Product Development\Github\Mutimodal-Deception-Dectection\Demos\Real Life Trial Data (Demo 5)\train\audio_model\extracted_audio\deceptive\trial_lie_016.wav,1,deceptive,15.0,20.0,36.9591875
trial_lie_016,d:\NSBM\3rd Year\Final Year Project\Product Development\Github\Mutimodal-Deception-Dectection\Demos\Real Life Trial Data (Demo 5)\train\audio_model\extracted_audio\deceptive\trial_lie_016.wav,1,deceptive,17.5,22.5,36.9591875
trial_lie_016,d:\NSBM\3rd Year\Final Year Project\Product Development\Github\Mutimodal-Deception-Dectection\Demos\Real Life Trial Data (Demo 5)\train\audio_model\extracted_audio\deceptive\trial_lie_016.wav,1,deceptive,20.0,25.0,36.9591875
trial_lie_016,d:\NSBM\3rd Year\Final Year Project\Product Development\Github\Mutimodal-Deception-Dectection\Demos\Real Life Trial Data (Demo 5)\train\audio_model\extracted_audio\deceptive\trial_lie_016.wav,1,deceptive,22.5,27.5,36.9591875
trial_lie_016,d:\NSBM\3rd Year\Final Year Project\Product Development\Github\Mutimodal-Deception-Dectection\Demos\Real Life Trial Data (Demo 5)\train\audio_model\extracted_audio\deceptive\trial_lie_016.wav,1,deceptive,25.0,30.0,36.9591875
trial_lie_016,d:\NSBM\3rd Year\Final Year Project\Product Development\Github\Mutimodal-Deception-Dectection\Demos\Real Life Trial Data (Demo 5)\train\audio_model\extracted_audio\deceptive\trial_lie_016.wav,1,deceptive,27.5,32.5,36.9591875
trial_lie_016,d:\NSBM\3rd Year\Final Year Project\Product Development\Github\Mutimodal-Deception-Dectection\Demos\Real Life Trial Data (Demo 5)\train\audio_model\extracted_audio\deceptive\trial_lie_016.wav,1,deceptive,30.0,35.0,36.9591875
trial_lie_017,d:\NSBM\3rd Year\Final Year Project\Product Development\Github\Mutimodal-Deception-Dectection\Demos\Real Life Trial Data (Demo 5)\train\audio_model\extracted_audio\deceptive\trial_lie_017.wav,1,deceptive,0.0,5.0,43.8804375
trial_lie_017,d:\NSBM\3rd Year\Final Year Project\Product Development\Github\Mutimodal-Deception-Dectection\Demos\Real Life Trial Data (Demo 5)\train\audio_model\extracted_audio\deceptive\trial_lie_017.wav,1,deceptive,2.5,7.5,43.8804375
trial_lie_017,d:\NSBM\3rd Year\Final Year Project\Product Development\Github\Mutimodal-Deception-Dectection\Demos\Real Life Trial Data (Demo 5)\train\audio_model\extracted_audio\deceptive\trial_lie_017.wav,1,deceptive,5.0,10.0,43.8804375
trial_lie_017,d:\NSBM\3rd Year\Final Year Project\Product Development\Github\Mutimodal-Deception-Dectection\Demos\Real Life Trial Data (Demo 5)\train\audio_model\extracted_audio\deceptive\trial_lie_017.wav,1,deceptive,7.5,12.5,43.8804375
trial_lie_017,d:\NSBM\3rd Year\Final Year Project\Product Development\Github\Mutimodal-Deception-Dectection\Demos\Real Life Trial Data (Demo 5)\train\audio_model\extracted_audio\deceptive\trial_lie_017.wav,1,deceptive,10.0,15.0,43.8804375
trial_lie_017,d:\NSBM\3rd Year\Final Year Project\Product Development\Github\Mutimodal-Deception-Dectection\Demos\Real Life Trial Data (Demo 5)\train\audio_model\extracted_audio\deceptive\trial_lie_017.wav,1,deceptive,12.5,17.5,43.8804375
trial_lie_017,d:\NSBM\3rd Year\Final Year Project\Product Development\Github\Mutimodal-Deception-Dectection\Demos\Real Life Trial Data (Demo 5)\train\audio_model\extracted_audio\deceptive\trial_lie_017.wav,1,deceptive,15.0,20.0,43.8804375
trial_lie_017,d:\NSBM\3rd Year\Final Year Project\Product Development\Github\Mutimodal-Deception-Dectection\Demos\Real Life Trial Data (Demo 5)\train\audio_model\extracted_audio\deceptive\trial_lie_017.wav,1,deceptive,17.5,22.5,43.8804375
trial_lie_017,d:\NSBM\3rd Year\Final Year Project\Product Development\Github\Mutimodal-Deception-Dectection\Demos\Real Life Trial Data (Demo 5)\train\audio_model\extracted_audio\deceptive\trial_lie_017.wav,1,deceptive,20.0,25.0,43.8804375
trial_lie_017,d:\NSBM\3rd Year\Final Year Project\Product Development\Github\Mutimodal-Deception-Dectection\Demos\Real Life Trial Data (Demo 5)\train\audio_model\extracted_audio\deceptive\trial_lie_017.wav,1,deceptive,22.5,27.5,43.8804375
trial_lie_017,d:\NSBM\3rd Year\Final Year Project\Product Development\Github\Mutimodal-Deception-Dectection\Demos\Real Life Trial Data (Demo 5)\train\audio_model\extracted_audio\deceptive\trial_lie_017.wav,1,deceptive,25.0,30.0,43.8804375
trial_lie_017,d:\NSBM\3rd Year\Final Year Project\Product Development\Github\Mutimodal-Deception-Dectection\Demos\Real Life Trial Data (Demo 5)\train\audio_model\extracted_audio\deceptive\trial_lie_017.wav,1,deceptive,27.5,32.5,43.8804375
trial_lie_017,d:\NSBM\3rd Year\Final Year Project\Product Development\Github\Mutimodal-Deception-Dectection\Demos\Real Life Trial Data (Demo 5)\train\audio_model\extracted_audio\deceptive\trial_lie_017.wav,1,deceptive,30.0,35.0,43.8804375
trial_lie_017,d:\NSBM\3rd Year\Final Year Project\Product Development\Github\Mutimodal-Deception-Dectection\Demos\Real Life Trial Data (Demo 5)\train\audio_model\extracted_audio\deceptive\trial_lie_017.wav,1,deceptive,32.5,37.5,43.8804375
trial_lie_017,d:\NSBM\3rd Year\Final Year Project\Product Development\Github\Mutimodal-Deception-Dectection\Demos\Real Life Trial Data (Demo 5)\train\audio_model\extracted_audio\deceptive\trial_lie_017.wav,1,deceptive,35.0,40.0,43.8804375
trial_lie_017,d:\NSBM\3rd Year\Final Year Project\Product Development\Github\Mutimodal-Deception-Dectection\Demos\Real Life Trial Data (Demo 5)\train\audio_model\extracted_audio\deceptive\trial_lie_017.wav,1,deceptive,37.5,42.5,43.8804375
trial_lie_018,d:\NSBM\3rd Year\Final Year Project\Product Development\Github\Mutimodal-Deception-Dectection\Demos\Real Life Trial Data (Demo 5)\train\audio_model\extracted_audio\deceptive\trial_lie_018.wav,1,deceptive,0.0,5.0,34.5474375
trial_lie_018,d:\NSBM\3rd Year\Final Year Project\Product Development\Github\Mutimodal-Deception-Dectection\Demos\Real Life Trial Data (Demo 5)\train\audio_model\extracted_audio\deceptive\trial_lie_018.wav,1,deceptive,2.5,7.5,34.5474375
trial_lie_018,d:\NSBM\3rd Year\Final Year Project\Product Development\Github\Mutimodal-Deception-Dectection\Demos\Real Life Trial Data (Demo 5)\train\audio_model\extracted_audio\deceptive\trial_lie_018.wav,1,deceptive,5.0,10.0,34.5474375
trial_lie_018,d:\NSBM\3rd Year\Final Year Project\Product Development\Github\Mutimodal-Deception-Dectection\Demos\Real Life Trial Data (Demo 5)\train\audio_model\extracted_audio\deceptive\trial_lie_018.wav,1,deceptive,7.5,12.5,34.5474375
trial_lie_018,d:\NSBM\3rd Year\Final Year Project\Product Development\Github\Mutimodal-Deception-Dectection\Demos\Real Life Trial Data (Demo 5)\train\audio_model\extracted_audio\deceptive\trial_lie_018.wav,1,deceptive,10.0,15.0,34.5474375
trial_lie_018,d:\NSBM\3rd Year\Final Year Project\Product Development\Github\Mutimodal-Deception-Dectection\Demos\Real Life Trial Data (Demo 5)\train\audio_model\extracted_audio\deceptive\trial_lie_018.wav,1,deceptive,12.5,17.5,34.5474375
trial_lie_018,d:\NSBM\3rd Year\Final Year Project\Product Development\Github\Mutimodal-Deception-Dectection\Demos\Real Life Trial Data (Demo 5)\train\audio_model\extracted_audio\deceptive\trial_lie_018.wav,1,deceptive,15.0,20.0,34.5474375
trial_lie_018,d:\NSBM\3rd Year\Final Year Project\Product Development\Github\Mutimodal-Deception-Dectection\Demos\Real Life Trial Data (Demo 5)\train\audio_model\extracted_audio\deceptive\trial_lie_018.wav,1,deceptive,17.5,22.5,34.5474375
trial_lie_018,d:\NSBM\3rd Year\Final Year Project\Product Development\Github\Mutimodal-Deception-Dectection\Demos\Real Life Trial Data (Demo 5)\train\audio_model\extracted_audio\deceptive\trial_lie_018.wav,1,deceptive,20.0,25.0,34.5474375
trial_lie_018,d:\NSBM\3rd Year\Final Year Project\Product Development\Github\Mutimodal-Deception-Dectection\Demos\Real Life Trial Data (Demo 5)\train\audio_model\extracted_audio\deceptive\trial_lie_018.wav,1,deceptive,22.5,27.5,34.5474375
trial_lie_018,d:\NSBM\3rd Year\Final Year Project\Product Development\Github\Mutimodal-Deception-Dectection\Demos\Real Life Trial Data (Demo 5)\train\audio_model\extracted_audio\deceptive\trial_lie_018.wav,1,deceptive,25.0,30.0,34.5474375
trial_lie_018,d:\NSBM\3rd Year\Final Year Project\Product Development\Github\Mutimodal-Deception-Dectection\Demos\Real Life Trial Data (Demo 5)\train\audio_model\extracted_audio\deceptive\trial_lie_018.wav,1,deceptive,27.5,32.5,34.5474375
trial_lie_019,d:\NSBM\3rd Year\Final Year Project\Product Development\Github\Mutimodal-Deception-Dectection\Demos\Real Life Trial Data (Demo 5)\train\audio_model\extracted_audio\deceptive\trial_lie_019.wav,1,deceptive,0.0,5.0,36.77775
trial_lie_019,d:\NSBM\3rd Year\Final Year Project\Product Development\Github\Mutimodal-Deception-Dectection\Demos\Real Life Trial Data (Demo 5)\train\audio_model\extracted_audio\deceptive\trial_lie_019.wav,1,deceptive,2.5,7.5,36.77775
trial_lie_019,d:\NSBM\3rd Year\Final Year Project\Product Development\Github\Mutimodal-Deception-Dectection\Demos\Real Life Trial Data (Demo 5)\train\audio_model\extracted_audio\deceptive\trial_lie_019.wav,1,deceptive,5.0,10.0,36.77775
trial_lie_019,d:\NSBM\3rd Year\Final Year Project\Product Development\Github\Mutimodal-Deception-Dectection\Demos\Real Life Trial Data (Demo 5)\train\audio_model\extracted_audio\deceptive\trial_lie_019.wav,1,deceptive,7.5,12.5,36.77775
trial_lie_019,d:\NSBM\3rd Year\Final Year Project\Product Development\Github\Mutimodal-Deception-Dectection\Demos\Real Life Trial Data (Demo 5)\train\audio_model\extracted_audio\deceptive\trial_lie_019.wav,1,deceptive,10.0,15.0,36.77775
trial_lie_019,d:\NSBM\3rd Year\Final Year Project\Product Development\Github\Mutimodal-Deception-Dectection\Demos\Real Life Trial Data (Demo 5)\train\audio_model\extracted_audio\deceptive\trial_lie_019.wav,1,deceptive,12.5,17.5,36.77775
trial_lie_019,d:\NSBM\3rd Year\Final Year Project\Product Development\Github\Mutimodal-Deception-Dectection\Demos\Real Life Trial Data (Demo 5)\train\audio_model\extracted_audio\deceptive\trial_lie_019.wav,1,deceptive,15.0,20.0,36.77775
trial_lie_019,d:\NSBM\3rd Year\Final Year Project\Product Development\Github\Mutimodal-Deception-Dectection\Demos\Real Life Trial Data (Demo 5)\train\audio_model\extracted_audio\deceptive\trial_lie_019.wav,1,deceptive,17.5,22.5,36.77775
trial_lie_019,d:\NSBM\3rd Year\Final Year Project\Product Development\Github\Mutimodal-Deception-Dectection\Demos\Real Life Trial Data (Demo 5)\train\audio_model\extracted_audio\deceptive\trial_lie_019.wav,1,deceptive,20.0,25.0,36.77775
trial_lie_019,d:\NSBM\3rd Year\Final Year Project\Product Development\Github\Mutimodal-Deception-Dectection\Demos\Real Life Trial Data (Demo 5)\train\audio_model\extracted_audio\deceptive\trial_lie_019.wav,1,deceptive,22.5,27.5,36.77775
trial_lie_019,d:\NSBM\3rd Year\Final Year Project\Product Development\Github\Mutimodal-Deception-Dectection\Demos\Real Life Trial Data (Demo 5)\train\audio_model\extracted_audio\deceptive\trial_lie_019.wav,1,deceptive,25.0,30.0,36.77775
trial_lie_019,d:\NSBM\3rd Year\Final Year Project\Product Development\Github\Mutimodal-Deception-Dectection\Demos\Real Life Trial Data (Demo 5)\train\audio_model\extracted_audio\deceptive\trial_lie_019.wav,1,deceptive,27.5,32.5,36.77775
trial_lie_019,d:\NSBM\3rd Year\Final Year Project\Product Development\Github\Mutimodal-Deception-Dectection\Demos\Real Life Trial Data (Demo 5)\train\audio_model\extracted_audio\deceptive\trial_lie_019.wav,1,deceptive,30.0,35.0,36.77775
trial_lie_020,d:\NSBM\3rd Year\Final Year Project\Product Development\Github\Mutimodal-Deception-Dectection\Demos\Real Life Trial Data (Demo 5)\train\audio_model\extracted_audio\deceptive\trial_lie_020.wav,1,deceptive,0.0,5.0,11.1608125
trial_lie_020,d:\NSBM\3rd Year\Final Year Project\Product Development\Github\Mutimodal-Deception-Dectection\Demos\Real Life Trial Data (Demo 5)\train\audio_model\extracted_audio\deceptive\trial_lie_020.wav,1,deceptive,2.5,7.5,11.1608125
trial_lie_020,d:\NSBM\3rd Year\Final Year Project\Product Development\Github\Mutimodal-Deception-Dectection\Demos\Real Life Trial Data (Demo 5)\train\audio_model\extracted_audio\deceptive\trial_lie_020.wav,1,deceptive,5.0,10.0,11.1608125
trial_lie_021,d:\NSBM\3rd Year\Final Year Project\Product Development\Github\Mutimodal-Deception-Dectection\Demos\Real Life Trial Data (Demo 5)\train\audio_model\extracted_audio\deceptive\trial_lie_021.wav,1,deceptive,0.0,5.0,18.20325
trial_lie_021,d:\NSBM\3rd Year\Final Year Project\Product Development\Github\Mutimodal-Deception-Dectection\Demos\Real Life Trial Data (Demo 5)\train\audio_model\extracted_audio\deceptive\trial_lie_021.wav,1,deceptive,2.5,7.5,18.20325
trial_lie_021,d:\NSBM\3rd Year\Final Year Project\Product Development\Github\Mutimodal-Deception-Dectection\Demos\Real Life Trial Data (Demo 5)\train\audio_model\extracted_audio\deceptive\trial_lie_021.wav,1,deceptive,5.0,10.0,18.20325
trial_lie_021,d:\NSBM\3rd Year\Final Year Project\Product Development\Github\Mutimodal-Deception-Dectection\Demos\Real Life Trial Data (Demo 5)\train\audio_model\extracted_audio\deceptive\trial_lie_021.wav,1,deceptive,7.5,12.5,18.20325
trial_lie_021,d:\NSBM\3rd Year\Final Year Project\Product Development\Github\Mutimodal-Deception-Dectection\Demos\Real Life Trial Data (Demo 5)\train\audio_model\extracted_audio\deceptive\trial_lie_021.wav,1,deceptive,10.0,15.0,18.20325
trial_lie_021,d:\NSBM\3rd Year\Final Year Project\Product Development\Github\Mutimodal-Deception-Dectection\Demos\Real Life Trial Data (Demo 5)\train\audio_model\extracted_audio\deceptive\trial_lie_021.wav,1,deceptive,12.5,17.5,18.20325
trial_lie_022,d:\NSBM\3rd Year\Final Year Project\Product Development\Github\Mutimodal-Deception-Dectection\Demos\Real Life Trial Data (Demo 5)\train\audio_model\extracted_audio\deceptive\trial_lie_022.wav,1,deceptive,0.0,5.0,41.540625
trial_lie_022,d:\NSBM\3rd Year\Final Year Project\Product Development\Github\Mutimodal-Deception-Dectection\Demos\Real Life Trial Data (Demo 5)\train\audio_model\extracted_audio\deceptive\trial_lie_022.wav,1,deceptive,2.5,7.5,41.540625
trial_lie_022,d:\NSBM\3rd Year\Final Year Project\Product Development\Github\Mutimodal-Deception-Dectection\Demos\Real Life Trial Data (Demo 5)\train\audio_model\extracted_audio\deceptive\trial_lie_022.wav,1,deceptive,5.0,10.0,41.540625
trial_lie_022,d:\NSBM\3rd Year\Final Year Project\Product Development\Github\Mutimodal-Deception-Dectection\Demos\Real Life Trial Data (Demo 5)\train\audio_model\extracted_audio\deceptive\trial_lie_022.wav,1,deceptive,7.5,12.5,41.540625
trial_lie_022,d:\NSBM\3rd Year\Final Year Project\Product Development\Github\Mutimodal-Deception-Dectection\Demos\Real Life Trial Data (Demo 5)\train\audio_model\extracted_audio\deceptive\trial_lie_022.wav,1,deceptive,10.0,15.0,41.540625
trial_lie_022,d:\NSBM\3rd Year\Final Year Project\Product Development\Github\Mutimodal-Deception-Dectection\Demos\Real Life Trial Data (Demo 5)\train\audio_model\extracted_audio\deceptive\trial_lie_022.wav,1,deceptive,12.5,17.5,41.540625
trial_lie_022,d:\NSBM\3rd Year\Final Year Project\Product Development\Github\Mutimodal-Deception-Dectection\Demos\Real Life Trial Data (Demo 5)\train\audio_model\extracted_audio\deceptive\trial_lie_022.wav,1,deceptive,15.0,20.0,41.540625
trial_lie_022,d:\NSBM\3rd Year\Final Year Project\Product Development\Github\Mutimodal-Deception-Dectection\Demos\Real Life Trial Data (Demo 5)\train\audio_model\extracted_audio\deceptive\trial_lie_022.wav,1,deceptive,17.5,22.5,41.540625
trial_lie_022,d:\NSBM\3rd Year\Final Year Project\Product Development\Github\Mutimodal-Deception-Dectection\Demos\Real Life Trial Data (Demo 5)\train\audio_model\extracted_audio\deceptive\trial_lie_022.wav,1,deceptive,20.0,25.0,41.540625
trial_lie_022,d:\NSBM\3rd Year\Final Year Project\Product Development\Github\Mutimodal-Deception-Dectection\Demos\Real Life Trial Data (Demo 5)\train\audio_model\extracted_audio\deceptive\trial_lie_022.wav,1,deceptive,22.5,27.5,41.540625
trial_lie_022,d:\NSBM\3rd Year\Final Year Project\Product Development\Github\Mutimodal-Deception-Dectection\Demos\Real Life Trial Data (Demo 5)\train\audio_model\extracted_audio\deceptive\trial_lie_022.wav,1,deceptive,25.0,30.0,41.540625
trial_lie_022,d:\NSBM\3rd Year\Final Year Project\Product Development\Github\Mutimodal-Deception-Dectection\Demos\Real Life Trial Data (Demo 5)\train\audio_model\extracted_audio\deceptive\trial_lie_022.wav,1,deceptive,27.5,32.5,41.540625
trial_lie_022,d:\NSBM\3rd Year\Final Year Project\Product Development\Github\Mutimodal-Deception-Dectection\Demos\Real Life Trial Data (Demo 5)\train\audio_model\extracted_audio\deceptive\trial_lie_022.wav,1,deceptive,30.0,35.0,41.540625
trial_lie_022,d:\NSBM\3rd Year\Final Year Project\Product Development\Github\Mutimodal-Deception-Dectection\Demos\Real Life Trial Data (Demo 5)\train\audio_model\extracted_audio\deceptive\trial_lie_022.wav,1,deceptive,32.5,37.5,41.540625
trial_lie_022,d:\NSBM\3rd Year\Final Year Project\Product Development\Github\Mutimodal-Deception-Dectection\Demos\Real Life Trial Data (Demo 5)\train\audio_model\extracted_audio\deceptive\trial_lie_022.wav,1,deceptive,35.0,40.0,41.540625
trial_lie_023,d:\NSBM\3rd Year\Final Year Project\Product Development\Github\Mutimodal-Deception-Dectection\Demos\Real Life Trial Data (Demo 5)\train\audio_model\extracted_audio\deceptive\trial_lie_023.wav,1,deceptive,0.0,5.0,43.3256875
trial_lie_023,d:\NSBM\3rd Year\Final Year Project\Product Development\Github\Mutimodal-Deception-Dectection\Demos\Real Life Trial Data (Demo 5)\train\audio_model\extracted_audio\deceptive\trial_lie_023.wav,1,deceptive,2.5,7.5,43.3256875
trial_lie_023,d:\NSBM\3rd Year\Final Year Project\Product Development\Github\Mutimodal-Deception-Dectection\Demos\Real Life Trial Data (Demo 5)\train\audio_model\extracted_audio\deceptive\trial_lie_023.wav,1,deceptive,5.0,10.0,43.3256875
trial_lie_023,d:\NSBM\3rd Year\Final Year Project\Product Development\Github\Mutimodal-Deception-Dectection\Demos\Real Life Trial Data (Demo 5)\train\audio_model\extracted_audio\deceptive\trial_lie_023.wav,1,deceptive,7.5,12.5,43.3256875
trial_lie_023,d:\NSBM\3rd Year\Final Year Project\Product Development\Github\Mutimodal-Deception-Dectection\Demos\Real Life Trial Data (Demo 5)\train\audio_model\extracted_audio\deceptive\trial_lie_023.wav,1,deceptive,10.0,15.0,43.3256875
trial_lie_023,d:\NSBM\3rd Year\Final Year Project\Product Development\Github\Mutimodal-Deception-Dectection\Demos\Real Life Trial Data (Demo 5)\train\audio_model\extracted_audio\deceptive\trial_lie_023.wav,1,deceptive,12.5,17.5,43.3256875
trial_lie_023,d:\NSBM\3rd Year\Final Year Project\Product Development\Github\Mutimodal-Deception-Dectection\Demos\Real Life Trial Data (Demo 5)\train\audio_model\extracted_audio\deceptive\trial_lie_023.wav,1,deceptive,15.0,20.0,43.3256875
trial_lie_023,d:\NSBM\3rd Year\Final Year Project\Product Development\Github\Mutimodal-Deception-Dectection\Demos\Real Life Trial Data (Demo 5)\train\audio_model\extracted_audio\deceptive\trial_lie_023.wav,1,deceptive,17.5,22.5,43.3256875
trial_lie_023,d:\NSBM\3rd Year\Final Year Project\Product Development\Github\Mutimodal-Deception-Dectection\Demos\Real Life Trial Data (Demo 5)\train\audio_model\extracted_audio\deceptive\trial_lie_023.wav,1,deceptive,20.0,25.0,43.3256875
trial_lie_023,d:\NSBM\3rd Year\Final Year Project\Product Development\Github\Mutimodal-Deception-Dectection\Demos\Real Life Trial Data (Demo 5)\train\audio_model\extracted_audio\deceptive\trial_lie_023.wav,1,deceptive,22.5,27.5,43.3256875
trial_lie_023,d:\NSBM\3rd Year\Final Year Project\Product Development\Github\Mutimodal-Deception-Dectection\Demos\Real Life Trial Data (Demo 5)\train\audio_model\extracted_audio\deceptive\trial_lie_023.wav,1,deceptive,25.0,30.0,43.3256875
trial_lie_023,d:\NSBM\3rd Year\Final Year Project\Product Development\Github\Mutimodal-Deception-Dectection\Demos\Real Life Trial Data (Demo 5)\train\audio_model\extracted_audio\deceptive\trial_lie_023.wav,1,deceptive,27.5,32.5,43.3256875
trial_lie_023,d:\NSBM\3rd Year\Final Year Project\Product Development\Github\Mutimodal-Deception-Dectection\Demos\Real Life Trial Data (Demo 5)\train\audio_model\extracted_audio\deceptive\trial_lie_023.wav,1,deceptive,30.0,35.0,43.3256875
trial_lie_023,d:\NSBM\3rd Year\Final Year Project\Product Development\Github\Mutimodal-Deception-Dectection\Demos\Real Life Trial Data (Demo 5)\train\audio_model\extracted_audio\deceptive\trial_lie_023.wav,1,deceptive,32.5,37.5,43.3256875
trial_lie_023,d:\NSBM\3rd Year\Final Year Project\Product Development\Github\Mutimodal-Deception-Dectection\Demos\Real Life Trial Data (Demo 5)\train\audio_model\extracted_audio\deceptive\trial_lie_023.wav,1,deceptive,35.0,40.0,43.3256875
trial_lie_023,d:\NSBM\3rd Year\Final Year Project\Product Development\Github\Mutimodal-Deception-Dectection\Demos\Real Life Trial Data (Demo 5)\train\audio_model\extracted_audio\deceptive\trial_lie_023.wav,1,deceptive,37.5,42.5,43.3256875
trial_lie_024,d:\NSBM\3rd Year\Final Year Project\Product Development\Github\Mutimodal-Deception-Dectection\Demos\Real Life Trial Data (Demo 5)\train\audio_model\extracted_audio\deceptive\trial_lie_024.wav,1,deceptive,0.0,5.0,24.6555
trial_lie_024,d:\NSBM\3rd Year\Final Year Project\Product Development\Github\Mutimodal-Deception-Dectection\Demos\Real Life Trial Data (Demo 5)\train\audio_model\extracted_audio\deceptive\trial_lie_024.wav,1,deceptive,2.5,7.5,24.6555
trial_lie_024,d:\NSBM\3rd Year\Final Year Project\Product Development\Github\Mutimodal-Deception-Dectection\Demos\Real Life Trial Data (Demo 5)\train\audio_model\extracted_audio\deceptive\trial_lie_024.wav,1,deceptive,5.0,10.0,24.6555
trial_lie_024,d:\NSBM\3rd Year\Final Year Project\Product Development\Github\Mutimodal-Deception-Dectection\Demos\Real Life Trial Data (Demo 5)\train\audio_model\extracted_audio\deceptive\trial_lie_024.wav,1,deceptive,7.5,12.5,24.6555
trial_lie_024,d:\NSBM\3rd Year\Final Year Project\Product Development\Github\Mutimodal-Deception-Dectection\Demos\Real Life Trial Data (Demo 5)\train\audio_model\extracted_audio\deceptive\trial_lie_024.wav,1,deceptive,10.0,15.0,24.6555
trial_lie_024,d:\NSBM\3rd Year\Final Year Project\Product Development\Github\Mutimodal-Deception-Dectection\Demos\Real Life Trial Data (Demo 5)\train\audio_model\extracted_audio\deceptive\trial_lie_024.wav,1,deceptive,12.5,17.5,24.6555
trial_lie_024,d:\NSBM\3rd Year\Final Year Project\Product Development\Github\Mutimodal-Deception-Dectection\Demos\Real Life Trial Data (Demo 5)\train\audio_model\extracted_audio\deceptive\trial_lie_024.wav,1,deceptive,15.0,20.0,24.6555
trial_lie_024,d:\NSBM\3rd Year\Final Year Project\Product Development\Github\Mutimodal-Deception-Dectection\Demos\Real Life Trial Data (Demo 5)\train\audio_model\extracted_audio\deceptive\trial_lie_024.wav,1,deceptive,17.5,22.5,24.6555
trial_lie_025,d:\NSBM\3rd Year\Final Year Project\Product Development\Github\Mutimodal-Deception-Dectection\Demos\Real Life Trial Data (Demo 5)\train\audio_model\extracted_audio\deceptive\trial_lie_025.wav,1,deceptive,0.0,5.0,29.504625
trial_lie_025,d:\NSBM\3rd Year\Final Year Project\Product Development\Github\Mutimodal-Deception-Dectection\Demos\Real Life Trial Data (Demo 5)\train\audio_model\extracted_audio\deceptive\trial_lie_025.wav,1,deceptive,2.5,7.5,29.504625
trial_lie_025,d:\NSBM\3rd Year\Final Year Project\Product Development\Github\Mutimodal-Deception-Dectection\Demos\Real Life Trial Data (Demo 5)\train\audio_model\extracted_audio\deceptive\trial_lie_025.wav,1,deceptive,5.0,10.0,29.504625
trial_lie_025,d:\NSBM\3rd Year\Final Year Project\Product Development\Github\Mutimodal-Deception-Dectection\Demos\Real Life Trial Data (Demo 5)\train\audio_model\extracted_audio\deceptive\trial_lie_025.wav,1,deceptive,7.5,12.5,29.504625
trial_lie_025,d:\NSBM\3rd Year\Final Year Project\Product Development\Github\Mutimodal-Deception-Dectection\Demos\Real Life Trial Data (Demo 5)\train\audio_model\extracted_audio\deceptive\trial_lie_025.wav,1,deceptive,10.0,15.0,29.504625
trial_lie_025,d:\NSBM\3rd Year\Final Year Project\Product Development\Github\Mutimodal-Deception-Dectection\Demos\Real Life Trial Data (Demo 5)\train\audio_model\extracted_audio\deceptive\trial_lie_025.wav,1,deceptive,12.5,17.5,29.504625
trial_lie_025,d:\NSBM\3rd Year\Final Year Project\Product Development\Github\Mutimodal-Deception-Dectection\Demos\Real Life Trial Data (Demo 5)\train\audio_model\extracted_audio\deceptive\trial_lie_025.wav,1,deceptive,15.0,20.0,29.504625
trial_lie_025,d:\NSBM\3rd Year\Final Year Project\Product Development\Github\Mutimodal-Deception-Dectection\Demos\Real Life Trial Data (Demo 5)\train\audio_model\extracted_audio\deceptive\trial_lie_025.wav,1,deceptive,17.5,22.5,29.504625
trial_lie_025,d:\NSBM\3rd Year\Final Year Project\Product Development\Github\Mutimodal-Deception-Dectection\Demos\Real Life Trial Data (Demo 5)\train\audio_model\extracted_audio\deceptive\trial_lie_025.wav,1,deceptive,20.0,25.0,29.504625
trial_lie_025,d:\NSBM\3rd Year\Final Year Project\Product Development\Github\Mutimodal-Deception-Dectection\Demos\Real Life Trial Data (Demo 5)\train\audio_model\extracted_audio\deceptive\trial_lie_025.wav,1,deceptive,22.5,27.5,29.504625
trial_lie_026,d:\NSBM\3rd Year\Final Year Project\Product Development\Github\Mutimodal-Deception-Dectection\Demos\Real Life Trial Data (Demo 5)\train\audio_model\extracted_audio\deceptive\trial_lie_026.wav,1,deceptive,0.0,5.0,28.5201875
trial_lie_026,d:\NSBM\3rd Year\Final Year Project\Product Development\Github\Mutimodal-Deception-Dectection\Demos\Real Life Trial Data (Demo 5)\train\audio_model\extracted_audio\deceptive\trial_lie_026.wav,1,deceptive,2.5,7.5,28.5201875
trial_lie_026,d:\NSBM\3rd Year\Final Year Project\Product Development\Github\Mutimodal-Deception-Dectection\Demos\Real Life Trial Data (Demo 5)\train\audio_model\extracted_audio\deceptive\trial_lie_026.wav,1,deceptive,5.0,10.0,28.5201875
trial_lie_026,d:\NSBM\3rd Year\Final Year Project\Product Development\Github\Mutimodal-Deception-Dectection\Demos\Real Life Trial Data (Demo 5)\train\audio_model\extracted_audio\deceptive\trial_lie_026.wav,1,deceptive,7.5,12.5,28.5201875
trial_lie_026,d:\NSBM\3rd Year\Final Year Project\Product Development\Github\Mutimodal-Deception-Dectection\Demos\Real Life Trial Data (Demo 5)\train\audio_model\extracted_audio\deceptive\trial_lie_026.wav,1,deceptive,10.0,15.0,28.5201875
trial_lie_026,d:\NSBM\3rd Year\Final Year Project\Product Development\Github\Mutimodal-Deception-Dectection\Demos\Real Life Trial Data (Demo 5)\train\audio_model\extracted_audio\deceptive\trial_lie_026.wav,1,deceptive,12.5,17.5,28.5201875
trial_lie_026,d:\NSBM\3rd Year\Final Year Project\Product Development\Github\Mutimodal-Deception-Dectection\Demos\Real Life Trial Data (Demo 5)\train\audio_model\extracted_audio\deceptive\trial_lie_026.wav,1,deceptive,15.0,20.0,28.5201875
trial_lie_026,d:\NSBM\3rd Year\Final Year Project\Product Development\Github\Mutimodal-Deception-Dectection\Demos\Real Life Trial Data (Demo 5)\train\audio_model\extracted_audio\deceptive\trial_lie_026.wav,1,deceptive,17.5,22.5,28.5201875
trial_lie_026,d:\NSBM\3rd Year\Final Year Project\Product Development\Github\Mutimodal-Deception-Dectection\Demos\Real Life Trial Data (Demo 5)\train\audio_model\extracted_audio\deceptive\trial_lie_026.wav,1,deceptive,20.0,25.0,28.5201875
trial_lie_026,d:\NSBM\3rd Year\Final Year Project\Product Development\Github\Mutimodal-Deception-Dectection\Demos\Real Life Trial Data (Demo 5)\train\audio_model\extracted_audio\deceptive\trial_lie_026.wav,1,deceptive,22.5,27.5,28.5201875
trial_lie_027,d:\NSBM\3rd Year\Final Year Project\Product Development\Github\Mutimodal-Deception-Dectection\Demos\Real Life Trial Data (Demo 5)\train\audio_model\extracted_audio\deceptive\trial_lie_027.wav,1,deceptive,0.0,5.0,26.9745
trial_lie_027,d:\NSBM\3rd Year\Final Year Project\Product Development\Github\Mutimodal-Deception-Dectection\Demos\Real Life Trial Data (Demo 5)\train\audio_model\extracted_audio\deceptive\trial_lie_027.wav,1,deceptive,2.5,7.5,26.9745
trial_lie_027,d:\NSBM\3rd Year\Final Year Project\Product Development\Github\Mutimodal-Deception-Dectection\Demos\Real Life Trial Data (Demo 5)\train\audio_model\extracted_audio\deceptive\trial_lie_027.wav,1,deceptive,5.0,10.0,26.9745
trial_lie_027,d:\NSBM\3rd Year\Final Year Project\Product Development\Github\Mutimodal-Deception-Dectection\Demos\Real Life Trial Data (Demo 5)\train\audio_model\extracted_audio\deceptive\trial_lie_027.wav,1,deceptive,7.5,12.5,26.9745
trial_lie_027,d:\NSBM\3rd Year\Final Year Project\Product Development\Github\Mutimodal-Deception-Dectection\Demos\Real Life Trial Data (Demo 5)\train\audio_model\extracted_audio\deceptive\trial_lie_027.wav,1,deceptive,10.0,15.0,26.9745
trial_lie_027,d:\NSBM\3rd Year\Final Year Project\Product Development\Github\Mutimodal-Deception-Dectection\Demos\Real Life Trial Data (Demo 5)\train\audio_model\extracted_audio\deceptive\trial_lie_027.wav,1,deceptive,12.5,17.5,26.9745
trial_lie_027,d:\NSBM\3rd Year\Final Year Project\Product Development\Github\Mutimodal-Deception-Dectection\Demos\Real Life Trial Data (Demo 5)\train\audio_model\extracted_audio\deceptive\trial_lie_027.wav,1,deceptive,15.0,20.0,26.9745
trial_lie_027,d:\NSBM\3rd Year\Final Year Project\Product Development\Github\Mutimodal-Deception-Dectection\Demos\Real Life Trial Data (Demo 5)\train\audio_model\extracted_audio\deceptive\trial_lie_027.wav,1,deceptive,17.5,22.5,26.9745
trial_lie_027,d:\NSBM\3rd Year\Final Year Project\Product Development\Github\Mutimodal-Deception-Dectection\Demos\Real Life Trial Data (Demo 5)\train\audio_model\extracted_audio\deceptive\trial_lie_027.wav,1,deceptive,20.0,25.0,26.9745
trial_lie_028,d:\NSBM\3rd Year\Final Year Project\Product Development\Github\Mutimodal-Deception-Dectection\Demos\Real Life Trial Data (Demo 5)\train\audio_model\extracted_audio\deceptive\trial_lie_028.wav,1,deceptive,0.0,5.0,24.2585
trial_lie_028,d:\NSBM\3rd Year\Final Year Project\Product Development\Github\Mutimodal-Deception-Dectection\Demos\Real Life Trial Data (Demo 5)\train\audio_model\extracted_audio\deceptive\trial_lie_028.wav,1,deceptive,2.5,7.5,24.2585
trial_lie_028,d:\NSBM\3rd Year\Final Year Project\Product Development\Github\Mutimodal-Deception-Dectection\Demos\Real Life Trial Data (Demo 5)\train\audio_model\extracted_audio\deceptive\trial_lie_028.wav,1,deceptive,5.0,10.0,24.2585
trial_lie_028,d:\NSBM\3rd Year\Final Year Project\Product Development\Github\Mutimodal-Deception-Dectection\Demos\Real Life Trial Data (Demo 5)\train\audio_model\extracted_audio\deceptive\trial_lie_028.wav,1,deceptive,7.5,12.5,24.2585
trial_lie_028,d:\NSBM\3rd Year\Final Year Project\Product Development\Github\Mutimodal-Deception-Dectection\Demos\Real Life Trial Data (Demo 5)\train\audio_model\extracted_audio\deceptive\trial_lie_028.wav,1,deceptive,10.0,15.0,24.2585
trial_lie_028,d:\NSBM\3rd Year\Final Year Project\Product Development\Github\Mutimodal-Deception-Dectection\Demos\Real Life Trial Data (Demo 5)\train\audio_model\extracted_audio\deceptive\trial_lie_028.wav,1,deceptive,12.5,17.5,24.2585
trial_lie_028,d:\NSBM\3rd Year\Final Year Project\Product Development\Github\Mutimodal-Deception-Dectection\Demos\Real Life Trial Data (Demo 5)\train\audio_model\extracted_audio\deceptive\trial_lie_028.wav,1,deceptive,15.0,20.0,24.2585
trial_lie_028,d:\NSBM\3rd Year\Final Year Project\Product Development\Github\Mutimodal-Deception-Dectection\Demos\Real Life Trial Data (Demo 5)\train\audio_model\extracted_audio\deceptive\trial_lie_028.wav,1,deceptive,17.5,22.5,24.2585
trial_lie_029,d:\NSBM\3rd Year\Final Year Project\Product Development\Github\Mutimodal-Deception-Dectection\Demos\Real Life Trial Data (Demo 5)\train\audio_model\extracted_audio\deceptive\trial_lie_029.wav,1,deceptive,0.0,5.0,19.7303125
trial_lie_029,d:\NSBM\3rd Year\Final Year Project\Product Development\Github\Mutimodal-Deception-Dectection\Demos\Real Life Trial Data (Demo 5)\train\audio_model\extracted_audio\deceptive\trial_lie_029.wav,1,deceptive,2.5,7.5,19.7303125
trial_lie_029,d:\NSBM\3rd Year\Final Year Project\Product Development\Github\Mutimodal-Deception-Dectection\Demos\Real Life Trial Data (Demo 5)\train\audio_model\extracted_audio\deceptive\trial_lie_029.wav,1,deceptive,5.0,10.0,19.7303125
trial_lie_029,d:\NSBM\3rd Year\Final Year Project\Product Development\Github\Mutimodal-Deception-Dectection\Demos\Real Life Trial Data (Demo 5)\train\audio_model\extracted_audio\deceptive\trial_lie_029.wav,1,deceptive,7.5,12.5,19.7303125
trial_lie_029,d:\NSBM\3rd Year\Final Year Project\Product Development\Github\Mutimodal-Deception-Dectection\Demos\Real Life Trial Data (Demo 5)\train\audio_model\extracted_audio\deceptive\trial_lie_029.wav,1,deceptive,10.0,15.0,19.7303125
trial_lie_029,d:\NSBM\3rd Year\Final Year Project\Product Development\Github\Mutimodal-Deception-Dectection\Demos\Real Life Trial Data (Demo 5)\train\audio_model\extracted_audio\deceptive\trial_lie_029.wav,1,deceptive,12.5,17.5,19.7303125
trial_lie_030,d:\NSBM\3rd Year\Final Year Project\Product Development\Github\Mutimodal-Deception-Dectection\Demos\Real Life Trial Data (Demo 5)\train\audio_model\extracted_audio\deceptive\trial_lie_030.wav,1,deceptive,0.0,5.0,37.7905625
trial_lie_030,d:\NSBM\3rd Year\Final Year Project\Product Development\Github\Mutimodal-Deception-Dectection\Demos\Real Life Trial Data (Demo 5)\train\audio_model\extracted_audio\deceptive\trial_lie_030.wav,1,deceptive,2.5,7.5,37.7905625
trial_lie_030,d:\NSBM\3rd Year\Final Year Project\Product Development\Github\Mutimodal-Deception-Dectection\Demos\Real Life Trial Data (Demo 5)\train\audio_model\extracted_audio\deceptive\trial_lie_030.wav,1,deceptive,5.0,10.0,37.7905625
trial_lie_030,d:\NSBM\3rd Year\Final Year Project\Product Development\Github\Mutimodal-Deception-Dectection\Demos\Real Life Trial Data (Demo 5)\train\audio_model\extracted_audio\deceptive\trial_lie_030.wav,1,deceptive,7.5,12.5,37.7905625
trial_lie_030,d:\NSBM\3rd Year\Final Year Project\Product Development\Github\Mutimodal-Deception-Dectection\Demos\Real Life Trial Data (Demo 5)\train\audio_model\extracted_audio\deceptive\trial_lie_030.wav,1,deceptive,10.0,15.0,37.7905625
trial_lie_030,d:\NSBM\3rd Year\Final Year Project\Product Development\Github\Mutimodal-Deception-Dectection\Demos\Real Life Trial Data (Demo 5)\train\audio_model\extracted_audio\deceptive\trial_lie_030.wav,1,deceptive,12.5,17.5,37.7905625
trial_lie_030,d:\NSBM\3rd Year\Final Year Project\Product Development\Github\Mutimodal-Deception-Dectection\Demos\Real Life Trial Data (Demo 5)\train\audio_model\extracted_audio\deceptive\trial_lie_030.wav,1,deceptive,15.0,20.0,37.7905625
trial_lie_030,d:\NSBM\3rd Year\Final Year Project\Product Development\Github\Mutimodal-Deception-Dectection\Demos\Real Life Trial Data (Demo 5)\train\audio_model\extracted_audio\deceptive\trial_lie_030.wav,1,deceptive,17.5,22.5,37.7905625
trial_lie_030,d:\NSBM\3rd Year\Final Year Project\Product Development\Github\Mutimodal-Deception-Dectection\Demos\Real Life Trial Data (Demo 5)\train\audio_model\extracted_audio\deceptive\trial_lie_030.wav,1,deceptive,20.0,25.0,37.7905625
trial_lie_030,d:\NSBM\3rd Year\Final Year Project\Product Development\Github\Mutimodal-Deception-Dectection\Demos\Real Life Trial Data (Demo 5)\train\audio_model\extracted_audio\deceptive\trial_lie_030.wav,1,deceptive,22.5,27.5,37.7905625
trial_lie_030,d:\NSBM\3rd Year\Final Year Project\Product Development\Github\Mutimodal-Deception-Dectection\Demos\Real Life Trial Data (Demo 5)\train\audio_model\extracted_audio\deceptive\trial_lie_030.wav,1,deceptive,25.0,30.0,37.7905625
trial_lie_030,d:\NSBM\3rd Year\Final Year Project\Product Development\Github\Mutimodal-Deception-Dectection\Demos\Real Life Trial Data (Demo 5)\train\audio_model\extracted_audio\deceptive\trial_lie_030.wav,1,deceptive,27.5,32.5,37.7905625
trial_lie_030,d:\NSBM\3rd Year\Final Year Project\Product Development\Github\Mutimodal-Deception-Dectection\Demos\Real Life Trial Data (Demo 5)\train\audio_model\extracted_audio\deceptive\trial_lie_030.wav,1,deceptive,30.0,35.0,37.7905625
trial_lie_030,d:\NSBM\3rd Year\Final Year Project\Product Development\Github\Mutimodal-Deception-Dectection\Demos\Real Life Trial Data (Demo 5)\train\audio_model\extracted_audio\deceptive\trial_lie_030.wav,1,deceptive,32.5,37.5,37.7905625
trial_lie_031,d:\NSBM\3rd Year\Final Year Project\Product Development\Github\Mutimodal-Deception-Dectection\Demos\Real Life Trial Data (Demo 5)\train\audio_model\extracted_audio\deceptive\trial_lie_031.wav,1,deceptive,0.0,5.0,25.946125
trial_lie_031,d:\NSBM\3rd Year\Final Year Project\Product Development\Github\Mutimodal-Deception-Dectection\Demos\Real Life Trial Data (Demo 5)\train\audio_model\extracted_audio\deceptive\trial_lie_031.wav,1,deceptive,2.5,7.5,25.946125
trial_lie_031,d:\NSBM\3rd Year\Final Year Project\Product Development\Github\Mutimodal-Deception-Dectection\Demos\Real Life Trial Data (Demo 5)\train\audio_model\extracted_audio\deceptive\trial_lie_031.wav,1,deceptive,5.0,10.0,25.946125
trial_lie_031,d:\NSBM\3rd Year\Final Year Project\Product Development\Github\Mutimodal-Deception-Dectection\Demos\Real Life Trial Data (Demo 5)\train\audio_model\extracted_audio\deceptive\trial_lie_031.wav,1,deceptive,7.5,12.5,25.946125
trial_lie_031,d:\NSBM\3rd Year\Final Year Project\Product Development\Github\Mutimodal-Deception-Dectection\Demos\Real Life Trial Data (Demo 5)\train\audio_model\extracted_audio\deceptive\trial_lie_031.wav,1,deceptive,10.0,15.0,25.946125
trial_lie_031,d:\NSBM\3rd Year\Final Year Project\Product Development\Github\Mutimodal-Deception-Dectection\Demos\Real Life Trial Data (Demo 5)\train\audio_model\extracted_audio\deceptive\trial_lie_031.wav,1,deceptive,12.5,17.5,25.946125
trial_lie_031,d:\NSBM\3rd Year\Final Year Project\Product Development\Github\Mutimodal-Deception-Dectection\Demos\Real Life Trial Data (Demo 5)\train\audio_model\extracted_audio\deceptive\trial_lie_031.wav,1,deceptive,15.0,20.0,25.946125
trial_lie_031,d:\NSBM\3rd Year\Final Year Project\Product Development\Github\Mutimodal-Deception-Dectection\Demos\Real Life Trial Data (Demo 5)\train\audio_model\extracted_audio\deceptive\trial_lie_031.wav,1,deceptive,17.5,22.5,25.946125
trial_lie_031,d:\NSBM\3rd Year\Final Year Project\Product Development\Github\Mutimodal-Deception-Dectection\Demos\Real Life Trial Data (Demo 5)\train\audio_model\extracted_audio\deceptive\trial_lie_031.wav,1,deceptive,20.0,25.0,25.946125
trial_lie_032,d:\NSBM\3rd Year\Final Year Project\Product Development\Github\Mutimodal-Deception-Dectection\Demos\Real Life Trial Data (Demo 5)\train\audio_model\extracted_audio\deceptive\trial_lie_032.wav,1,deceptive,0.0,5.0,28.00325
trial_lie_032,d:\NSBM\3rd Year\Final Year Project\Product Development\Github\Mutimodal-Deception-Dectection\Demos\Real Life Trial Data (Demo 5)\train\audio_model\extracted_audio\deceptive\trial_lie_032.wav,1,deceptive,2.5,7.5,28.00325
trial_lie_032,d:\NSBM\3rd Year\Final Year Project\Product Development\Github\Mutimodal-Deception-Dectection\Demos\Real Life Trial Data (Demo 5)\train\audio_model\extracted_audio\deceptive\trial_lie_032.wav,1,deceptive,5.0,10.0,28.00325
trial_lie_032,d:\NSBM\3rd Year\Final Year Project\Product Development\Github\Mutimodal-Deception-Dectection\Demos\Real Life Trial Data (Demo 5)\train\audio_model\extracted_audio\deceptive\trial_lie_032.wav,1,deceptive,7.5,12.5,28.00325
trial_lie_032,d:\NSBM\3rd Year\Final Year Project\Product Development\Github\Mutimodal-Deception-Dectection\Demos\Real Life Trial Data (Demo 5)\train\audio_model\extracted_audio\deceptive\trial_lie_032.wav,1,deceptive,10.0,15.0,28.00325
trial_lie_032,d:\NSBM\3rd Year\Final Year Project\Product Development\Github\Mutimodal-Deception-Dectection\Demos\Real Life Trial Data (Demo 5)\train\audio_model\extracted_audio\deceptive\trial_lie_032.wav,1,deceptive,12.5,17.5,28.00325
trial_lie_032,d:\NSBM\3rd Year\Final Year Project\Product Development\Github\Mutimodal-Deception-Dectection\Demos\Real Life Trial Data (Demo 5)\train\audio_model\extracted_audio\deceptive\trial_lie_032.wav,1,deceptive,15.0,20.0,28.00325
trial_lie_032,d:\NSBM\3rd Year\Final Year Project\Product Development\Github\Mutimodal-Deception-Dectection\Demos\Real Life Trial Data (Demo 5)\train\audio_model\extracted_audio\deceptive\trial_lie_032.wav,1,deceptive,17.5,22.5,28.00325
trial_lie_032,d:\NSBM\3rd Year\Final Year Project\Product Development\Github\Mutimodal-Deception-Dectection\Demos\Real Life Trial Data (Demo 5)\train\audio_model\extracted_audio\deceptive\trial_lie_032.wav,1,deceptive,20.0,25.0,28.00325
trial_lie_032,d:\NSBM\3rd Year\Final Year Project\Product Development\Github\Mutimodal-Deception-Dectection\Demos\Real Life Trial Data (Demo 5)\train\audio_model\extracted_audio\deceptive\trial_lie_032.wav,1,deceptive,22.5,27.5,28.00325
trial_lie_033,d:\NSBM\3rd Year\Final Year Project\Product Development\Github\Mutimodal-Deception-Dectection\Demos\Real Life Trial Data (Demo 5)\train\audio_model\extracted_audio\deceptive\trial_lie_033.wav,1,deceptive,0.0,5.0,45.0003125
trial_lie_033,d:\NSBM\3rd Year\Final Year Project\Product Development\Github\Mutimodal-Deception-Dectection\Demos\Real Life Trial Data (Demo 5)\train\audio_model\extracted_audio\deceptive\trial_lie_033.wav,1,deceptive,2.5,7.5,45.0003125
trial_lie_033,d:\NSBM\3rd Year\Final Year Project\Product Development\Github\Mutimodal-Deception-Dectection\Demos\Real Life Trial Data (Demo 5)\train\audio_model\extracted_audio\deceptive\trial_lie_033.wav,1,deceptive,5.0,10.0,45.0003125
trial_lie_033,d:\NSBM\3rd Year\Final Year Project\Product Development\Github\Mutimodal-Deception-Dectection\Demos\Real Life Trial Data (Demo 5)\train\audio_model\extracted_audio\deceptive\trial_lie_033.wav,1,deceptive,7.5,12.5,45.0003125
trial_lie_033,d:\NSBM\3rd Year\Final Year Project\Product Development\Github\Mutimodal-Deception-Dectection\Demos\Real Life Trial Data (Demo 5)\train\audio_model\extracted_audio\deceptive\trial_lie_033.wav,1,deceptive,10.0,15.0,45.0003125
trial_lie_033,d:\NSBM\3rd Year\Final Year Project\Product Development\Github\Mutimodal-Deception-Dectection\Demos\Real Life Trial Data (Demo 5)\train\audio_model\extracted_audio\deceptive\trial_lie_033.wav,1,deceptive,12.5,17.5,45.0003125
trial_lie_033,d:\NSBM\3rd Year\Final Year Project\Product Development\Github\Mutimodal-Deception-Dectection\Demos\Real Life Trial Data (Demo 5)\train\audio_model\extracted_audio\deceptive\trial_lie_033.wav,1,deceptive,15.0,20.0,45.0003125
trial_lie_033,d:\NSBM\3rd Year\Final Year Project\Product Development\Github\Mutimodal-Deception-Dectection\Demos\Real Life Trial Data (Demo 5)\train\audio_model\extracted_audio\deceptive\trial_lie_033.wav,1,deceptive,17.5,22.5,45.0003125
trial_lie_033,d:\NSBM\3rd Year\Final Year Project\Product Development\Github\Mutimodal-Deception-Dectection\Demos\Real Life Trial Data (Demo 5)\train\audio_model\extracted_audio\deceptive\trial_lie_033.wav,1,deceptive,20.0,25.0,45.0003125
trial_lie_033,d:\NSBM\3rd Year\Final Year Project\Product Development\Github\Mutimodal-Deception-Dectection\Demos\Real Life Trial Data (Demo 5)\train\audio_model\extracted_audio\deceptive\trial_lie_033.wav,1,deceptive,22.5,27.5,45.0003125
trial_lie_033,d:\NSBM\3rd Year\Final Year Project\Product Development\Github\Mutimodal-Deception-Dectection\Demos\Real Life Trial Data (Demo 5)\train\audio_model\extracted_audio\deceptive\trial_lie_033.wav,1,deceptive,25.0,30.0,45.0003125
trial_lie_033,d:\NSBM\3rd Year\Final Year Project\Product Development\Github\Mutimodal-Deception-Dectection\Demos\Real Life Trial Data (Demo 5)\train\audio_model\extracted_audio\deceptive\trial_lie_033.wav,1,deceptive,27.5,32.5,45.0003125
trial_lie_033,d:\NSBM\3rd Year\Final Year Project\Product Development\Github\Mutimodal-Deception-Dectection\Demos\Real Life Trial Data (Demo 5)\train\audio_model\extracted_audio\deceptive\trial_lie_033.wav,1,deceptive,30.0,35.0,45.0003125
trial_lie_033,d:\NSBM\3rd Year\Final Year Project\Product Development\Github\Mutimodal-Deception-Dectection\Demos\Real Life Trial Data (Demo 5)\train\audio_model\extracted_audio\deceptive\trial_lie_033.wav,1,deceptive,32.5,37.5,45.0003125
trial_lie_033,d:\NSBM\3rd Year\Final Year Project\Product Development\Github\Mutimodal-Deception-Dectection\Demos\Real Life Trial Data (Demo 5)\train\audio_model\extracted_audio\deceptive\trial_lie_033.wav,1,deceptive,35.0,40.0,45.0003125
trial_lie_033,d:\NSBM\3rd Year\Final Year Project\Product Development\Github\Mutimodal-Deception-Dectection\Demos\Real Life Trial Data (Demo 5)\train\audio_model\extracted_audio\deceptive\trial_lie_033.wav,1,deceptive,37.5,42.5,45.0003125
trial_lie_033,d:\NSBM\3rd Year\Final Year Project\Product Development\Github\Mutimodal-Deception-Dectection\Demos\Real Life Trial Data (Demo 5)\train\audio_model\extracted_audio\deceptive\trial_lie_033.wav,1,deceptive,40.0,45.0,45.0003125
trial_lie_034,d:\NSBM\3rd Year\Final Year Project\Product Development\Github\Mutimodal-Deception-Dectection\Demos\Real Life Trial Data (Demo 5)\train\audio_model\extracted_audio\deceptive\trial_lie_034.wav,1,deceptive,0.0,5.0,30.0001875
trial_lie_034,d:\NSBM\3rd Year\Final Year Project\Product Development\Github\Mutimodal-Deception-Dectection\Demos\Real Life Trial Data (Demo 5)\train\audio_model\extracted_audio\deceptive\trial_lie_034.wav,1,deceptive,2.5,7.5,30.0001875
trial_lie_034,d:\NSBM\3rd Year\Final Year Project\Product Development\Github\Mutimodal-Deception-Dectection\Demos\Real Life Trial Data (Demo 5)\train\audio_model\extracted_audio\deceptive\trial_lie_034.wav,1,deceptive,5.0,10.0,30.0001875
trial_lie_034,d:\NSBM\3rd Year\Final Year Project\Product Development\Github\Mutimodal-Deception-Dectection\Demos\Real Life Trial Data (Demo 5)\train\audio_model\extracted_audio\deceptive\trial_lie_034.wav,1,deceptive,7.5,12.5,30.0001875
trial_lie_034,d:\NSBM\3rd Year\Final Year Project\Product Development\Github\Mutimodal-Deception-Dectection\Demos\Real Life Trial Data (Demo 5)\train\audio_model\extracted_audio\deceptive\trial_lie_034.wav,1,deceptive,10.0,15.0,30.0001875
trial_lie_034,d:\NSBM\3rd Year\Final Year Project\Product Development\Github\Mutimodal-Deception-Dectection\Demos\Real Life Trial Data (Demo 5)\train\audio_model\extracted_audio\deceptive\trial_lie_034.wav,1,deceptive,12.5,17.5,30.0001875
trial_lie_034,d:\NSBM\3rd Year\Final Year Project\Product Development\Github\Mutimodal-Deception-Dectection\Demos\Real Life Trial Data (Demo 5)\train\audio_model\extracted_audio\deceptive\trial_lie_034.wav,1,deceptive,15.0,20.0,30.0001875
trial_lie_034,d:\NSBM\3rd Year\Final Year Project\Product Development\Github\Mutimodal-Deception-Dectection\Demos\Real Life Trial Data (Demo 5)\train\audio_model\extracted_audio\deceptive\trial_lie_034.wav,1,deceptive,17.5,22.5,30.0001875
trial_lie_034,d:\NSBM\3rd Year\Final Year Project\Product Development\Github\Mutimodal-Deception-Dectection\Demos\Real Life Trial Data (Demo 5)\train\audio_model\extracted_audio\deceptive\trial_lie_034.wav,1,deceptive,20.0,25.0,30.0001875
trial_lie_034,d:\NSBM\3rd Year\Final Year Project\Product Development\Github\Mutimodal-Deception-Dectection\Demos\Real Life Trial Data (Demo 5)\train\audio_model\extracted_audio\deceptive\trial_lie_034.wav,1,deceptive,22.5,27.5,30.0001875
trial_lie_034,d:\NSBM\3rd Year\Final Year Project\Product Development\Github\Mutimodal-Deception-Dectection\Demos\Real Life Trial Data (Demo 5)\train\audio_model\extracted_audio\deceptive\trial_lie_034.wav,1,deceptive,25.0,30.0,30.0001875
trial_lie_035,d:\NSBM\3rd Year\Final Year Project\Product Development\Github\Mutimodal-Deception-Dectection\Demos\Real Life Trial Data (Demo 5)\train\audio_model\extracted_audio\deceptive\trial_lie_035.wav,1,deceptive,0.0,5.0,35.0156875
trial_lie_035,d:\NSBM\3rd Year\Final Year Project\Product Development\Github\Mutimodal-Deception-Dectection\Demos\Real Life Trial Data (Demo 5)\train\audio_model\extracted_audio\deceptive\trial_lie_035.wav,1,deceptive,2.5,7.5,35.0156875
trial_lie_035,d:\NSBM\3rd Year\Final Year Project\Product Development\Github\Mutimodal-Deception-Dectection\Demos\Real Life Trial Data (Demo 5)\train\audio_model\extracted_audio\deceptive\trial_lie_035.wav,1,deceptive,5.0,10.0,35.0156875
trial_lie_035,d:\NSBM\3rd Year\Final Year Project\Product Development\Github\Mutimodal-Deception-Dectection\Demos\Real Life Trial Data (Demo 5)\train\audio_model\extracted_audio\deceptive\trial_lie_035.wav,1,deceptive,7.5,12.5,35.0156875
trial_lie_035,d:\NSBM\3rd Year\Final Year Project\Product Development\Github\Mutimodal-Deception-Dectection\Demos\Real Life Trial Data (Demo 5)\train\audio_model\extracted_audio\deceptive\trial_lie_035.wav,1,deceptive,10.0,15.0,35.0156875
trial_lie_035,d:\NSBM\3rd Year\Final Year Project\Product Development\Github\Mutimodal-Deception-Dectection\Demos\Real Life Trial Data (Demo 5)\train\audio_model\extracted_audio\deceptive\trial_lie_035.wav,1,deceptive,12.5,17.5,35.0156875
trial_lie_035,d:\NSBM\3rd Year\Final Year Project\Product Development\Github\Mutimodal-Deception-Dectection\Demos\Real Life Trial Data (Demo 5)\train\audio_model\extracted_audio\deceptive\trial_lie_035.wav,1,deceptive,15.0,20.0,35.0156875
trial_lie_035,d:\NSBM\3rd Year\Final Year Project\Product Development\Github\Mutimodal-Deception-Dectection\Demos\Real Life Trial Data (Demo 5)\train\audio_model\extracted_audio\deceptive\trial_lie_035.wav,1,deceptive,17.5,22.5,35.0156875
trial_lie_035,d:\NSBM\3rd Year\Final Year Project\Product Development\Github\Mutimodal-Deception-Dectection\Demos\Real Life Trial Data (Demo 5)\train\audio_model\extracted_audio\deceptive\trial_lie_035.wav,1,deceptive,20.0,25.0,35.0156875
trial_lie_035,d:\NSBM\3rd Year\Final Year Project\Product Development\Github\Mutimodal-Deception-Dectection\Demos\Real Life Trial Data (Demo 5)\train\audio_model\extracted_audio\deceptive\trial_lie_035.wav,1,deceptive,22.5,27.5,35.0156875
trial_lie_035,d:\NSBM\3rd Year\Final Year Project\Product Development\Github\Mutimodal-Deception-Dectection\Demos\Real Life Trial Data (Demo 5)\train\audio_model\extracted_audio\deceptive\trial_lie_035.wav,1,deceptive,25.0,30.0,35.0156875
trial_lie_035,d:\NSBM\3rd Year\Final Year Project\Product Development\Github\Mutimodal-Deception-Dectection\Demos\Real Life Trial Data (Demo 5)\train\audio_model\extracted_audio\deceptive\trial_lie_035.wav,1,deceptive,27.5,32.5,35.0156875
trial_lie_035,d:\NSBM\3rd Year\Final Year Project\Product Development\Github\Mutimodal-Deception-Dectection\Demos\Real Life Trial Data (Demo 5)\train\audio_model\extracted_audio\deceptive\trial_lie_035.wav,1,deceptive,30.0,35.0,35.0156875
trial_lie_036,d:\NSBM\3rd Year\Final Year Project\Product Development\Github\Mutimodal-Deception-Dectection\Demos\Real Life Trial Data (Demo 5)\train\audio_model\extracted_audio\deceptive\trial_lie_036.wav,1,deceptive,0.0,5.0,39.0095625
trial_lie_036,d:\NSBM\3rd Year\Final Year Project\Product Development\Github\Mutimodal-Deception-Dectection\Demos\Real Life Trial Data (Demo 5)\train\audio_model\extracted_audio\deceptive\trial_lie_036.wav,1,deceptive,2.5,7.5,39.0095625
trial_lie_036,d:\NSBM\3rd Year\Final Year Project\Product Development\Github\Mutimodal-Deception-Dectection\Demos\Real Life Trial Data (Demo 5)\train\audio_model\extracted_audio\deceptive\trial_lie_036.wav,1,deceptive,5.0,10.0,39.0095625
trial_lie_036,d:\NSBM\3rd Year\Final Year Project\Product Development\Github\Mutimodal-Deception-Dectection\Demos\Real Life Trial Data (Demo 5)\train\audio_model\extracted_audio\deceptive\trial_lie_036.wav,1,deceptive,7.5,12.5,39.0095625
trial_lie_036,d:\NSBM\3rd Year\Final Year Project\Product Development\Github\Mutimodal-Deception-Dectection\Demos\Real Life Trial Data (Demo 5)\train\audio_model\extracted_audio\deceptive\trial_lie_036.wav,1,deceptive,10.0,15.0,39.0095625
trial_lie_036,d:\NSBM\3rd Year\Final Year Project\Product Development\Github\Mutimodal-Deception-Dectection\Demos\Real Life Trial Data (Demo 5)\train\audio_model\extracted_audio\deceptive\trial_lie_036.wav,1,deceptive,12.5,17.5,39.0095625
trial_lie_036,d:\NSBM\3rd Year\Final Year Project\Product Development\Github\Mutimodal-Deception-Dectection\Demos\Real Life Trial Data (Demo 5)\train\audio_model\extracted_audio\deceptive\trial_lie_036.wav,1,deceptive,15.0,20.0,39.0095625
trial_lie_036,d:\NSBM\3rd Year\Final Year Project\Product Development\Github\Mutimodal-Deception-Dectection\Demos\Real Life Trial Data (Demo 5)\train\audio_model\extracted_audio\deceptive\trial_lie_036.wav,1,deceptive,17.5,22.5,39.0095625
trial_lie_036,d:\NSBM\3rd Year\Final Year Project\Product Development\Github\Mutimodal-Deception-Dectection\Demos\Real Life Trial Data (Demo 5)\train\audio_model\extracted_audio\deceptive\trial_lie_036.wav,1,deceptive,20.0,25.0,39.0095625
trial_lie_036,d:\NSBM\3rd Year\Final Year Project\Product Development\Github\Mutimodal-Deception-Dectection\Demos\Real Life Trial Data (Demo 5)\train\audio_model\extracted_audio\deceptive\trial_lie_036.wav,1,deceptive,22.5,27.5,39.0095625
trial_lie_036,d:\NSBM\3rd Year\Final Year Project\Product Development\Github\Mutimodal-Deception-Dectection\Demos\Real Life Trial Data (Demo 5)\train\audio_model\extracted_audio\deceptive\trial_lie_036.wav,1,deceptive,25.0,30.0,39.0095625
trial_lie_036,d:\NSBM\3rd Year\Final Year Project\Product Development\Github\Mutimodal-Deception-Dectection\Demos\Real Life Trial Data (Demo 5)\train\audio_model\extracted_audio\deceptive\trial_lie_036.wav,1,deceptive,27.5,32.5,39.0095625
trial_lie_036,d:\NSBM\3rd Year\Final Year Project\Product Development\Github\Mutimodal-Deception-Dectection\Demos\Real Life Trial Data (Demo 5)\train\audio_model\extracted_audio\deceptive\trial_lie_036.wav,1,deceptive,30.0,35.0,39.0095625
trial_lie_036,d:\NSBM\3rd Year\Final Year Project\Product Development\Github\Mutimodal-Deception-Dectection\Demos\Real Life Trial Data (Demo 5)\train\audio_model\extracted_audio\deceptive\trial_lie_036.wav,1,deceptive,32.5,37.5,39.0095625
trial_lie_037,d:\NSBM\3rd Year\Final Year Project\Product Development\Github\Mutimodal-Deception-Dectection\Demos\Real Life Trial Data (Demo 5)\train\audio_model\extracted_audio\deceptive\trial_lie_037.wav,1,deceptive,0.0,5.0,26.006375
trial_lie_037,d:\NSBM\3rd Year\Final Year Project\Product Development\Github\Mutimodal-Deception-Dectection\Demos\Real Life Trial Data (Demo 5)\train\audio_model\extracted_audio\deceptive\trial_lie_037.wav,1,deceptive,2.5,7.5,26.006375
trial_lie_037,d:\NSBM\3rd Year\Final Year Project\Product Development\Github\Mutimodal-Deception-Dectection\Demos\Real Life Trial Data (Demo 5)\train\audio_model\extracted_audio\deceptive\trial_lie_037.wav,1,deceptive,5.0,10.0,26.006375
trial_lie_037,d:\NSBM\3rd Year\Final Year Project\Product Development\Github\Mutimodal-Deception-Dectection\Demos\Real Life Trial Data (Demo 5)\train\audio_model\extracted_audio\deceptive\trial_lie_037.wav,1,deceptive,7.5,12.5,26.006375
trial_lie_037,d:\NSBM\3rd Year\Final Year Project\Product Development\Github\Mutimodal-Deception-Dectection\Demos\Real Life Trial Data (Demo 5)\train\audio_model\extracted_audio\deceptive\trial_lie_037.wav,1,deceptive,10.0,15.0,26.006375
trial_lie_037,d:\NSBM\3rd Year\Final Year Project\Product Development\Github\Mutimodal-Deception-Dectection\Demos\Real Life Trial Data (Demo 5)\train\audio_model\extracted_audio\deceptive\trial_lie_037.wav,1,deceptive,12.5,17.5,26.006375
trial_lie_037,d:\NSBM\3rd Year\Final Year Project\Product Development\Github\Mutimodal-Deception-Dectection\Demos\Real Life Trial Data (Demo 5)\train\audio_model\extracted_audio\deceptive\trial_lie_037.wav,1,deceptive,15.0,20.0,26.006375
trial_lie_037,d:\NSBM\3rd Year\Final Year Project\Product Development\Github\Mutimodal-Deception-Dectection\Demos\Real Life Trial Data (Demo 5)\train\audio_model\extracted_audio\deceptive\trial_lie_037.wav,1,deceptive,17.5,22.5,26.006375
trial_lie_037,d:\NSBM\3rd Year\Final Year Project\Product Development\Github\Mutimodal-Deception-Dectection\Demos\Real Life Trial Data (Demo 5)\train\audio_model\extracted_audio\deceptive\trial_lie_037.wav,1,deceptive,20.0,25.0,26.006375
trial_lie_038,d:\NSBM\3rd Year\Final Year Project\Product Development\Github\Mutimodal-Deception-Dectection\Demos\Real Life Trial Data (Demo 5)\train\audio_model\extracted_audio\deceptive\trial_lie_038.wav,1,deceptive,0.0,5.0,23.011
trial_lie_038,d:\NSBM\3rd Year\Final Year Project\Product Development\Github\Mutimodal-Deception-Dectection\Demos\Real Life Trial Data (Demo 5)\train\audio_model\extracted_audio\deceptive\trial_lie_038.wav,1,deceptive,2.5,7.5,23.011
trial_lie_038,d:\NSBM\3rd Year\Final Year Project\Product Development\Github\Mutimodal-Deception-Dectection\Demos\Real Life Trial Data (Demo 5)\train\audio_model\extracted_audio\deceptive\trial_lie_038.wav,1,deceptive,5.0,10.0,23.011
trial_lie_038,d:\NSBM\3rd Year\Final Year Project\Product Development\Github\Mutimodal-Deception-Dectection\Demos\Real Life Trial Data (Demo 5)\train\audio_model\extracted_audio\deceptive\trial_lie_038.wav,1,deceptive,7.5,12.5,23.011
trial_lie_038,d:\NSBM\3rd Year\Final Year Project\Product Development\Github\Mutimodal-Deception-Dectection\Demos\Real Life Trial Data (Demo 5)\train\audio_model\extracted_audio\deceptive\trial_lie_038.wav,1,deceptive,10.0,15.0,23.011
trial_lie_038,d:\NSBM\3rd Year\Final Year Project\Product Development\Github\Mutimodal-Deception-Dectection\Demos\Real Life Trial Data (Demo 5)\train\audio_model\extracted_audio\deceptive\trial_lie_038.wav,1,deceptive,12.5,17.5,23.011
trial_lie_038,d:\NSBM\3rd Year\Final Year Project\Product Development\Github\Mutimodal-Deception-Dectection\Demos\Real Life Trial Data (Demo 5)\train\audio_model\extracted_audio\deceptive\trial_lie_038.wav,1,deceptive,15.0,20.0,23.011
trial_lie_038,d:\NSBM\3rd Year\Final Year Project\Product Development\Github\Mutimodal-Deception-Dectection\Demos\Real Life Trial Data (Demo 5)\train\audio_model\extracted_audio\deceptive\trial_lie_038.wav,1,deceptive,17.5,22.5,23.011
trial_lie_039,d:\NSBM\3rd Year\Final Year Project\Product Development\Github\Mutimodal-Deception-Dectection\Demos\Real Life Trial Data (Demo 5)\train\audio_model\extracted_audio\deceptive\trial_lie_039.wav,1,deceptive,0.0,5.0,30.0001875
trial_lie_039,d:\NSBM\3rd Year\Final Year Project\Product Development\Github\Mutimodal-Deception-Dectection\Demos\Real Life Trial Data (Demo 5)\train\audio_model\extracted_audio\deceptive\trial_lie_039.wav,1,deceptive,2.5,7.5,30.0001875
trial_lie_039,d:\NSBM\3rd Year\Final Year Project\Product Development\Github\Mutimodal-Deception-Dectection\Demos\Real Life Trial Data (Demo 5)\train\audio_model\extracted_audio\deceptive\trial_lie_039.wav,1,deceptive,5.0,10.0,30.0001875
trial_lie_039,d:\NSBM\3rd Year\Final Year Project\Product Development\Github\Mutimodal-Deception-Dectection\Demos\Real Life Trial Data (Demo 5)\train\audio_model\extracted_audio\deceptive\trial_lie_039.wav,1,deceptive,7.5,12.5,30.0001875
trial_lie_039,d:\NSBM\3rd Year\Final Year Project\Product Development\Github\Mutimodal-Deception-Dectection\Demos\Real Life Trial Data (Demo 5)\train\audio_model\extracted_audio\deceptive\trial_lie_039.wav,1,deceptive,10.0,15.0,30.0001875
trial_lie_039,d:\NSBM\3rd Year\Final Year Project\Product Development\Github\Mutimodal-Deception-Dectection\Demos\Real Life Trial Data (Demo 5)\train\audio_model\extracted_audio\deceptive\trial_lie_039.wav,1,deceptive,12.5,17.5,30.0001875
trial_lie_039,d:\NSBM\3rd Year\Final Year Project\Product Development\Github\Mutimodal-Deception-Dectection\Demos\Real Life Trial Data (Demo 5)\train\audio_model\extracted_audio\deceptive\trial_lie_039.wav,1,deceptive,15.0,20.0,30.0001875
trial_lie_039,d:\NSBM\3rd Year\Final Year Project\Product Development\Github\Mutimodal-Deception-Dectection\Demos\Real Life Trial Data (Demo 5)\train\audio_model\extracted_audio\deceptive\trial_lie_039.wav,1,deceptive,17.5,22.5,30.0001875
trial_lie_039,d:\NSBM\3rd Year\Final Year Project\Product Development\Github\Mutimodal-Deception-Dectection\Demos\Real Life Trial Data (Demo 5)\train\audio_model\extracted_audio\deceptive\trial_lie_039.wav,1,deceptive,20.0,25.0,30.0001875
trial_lie_039,d:\NSBM\3rd Year\Final Year Project\Product Development\Github\Mutimodal-Deception-Dectection\Demos\Real Life Trial Data (Demo 5)\train\audio_model\extracted_audio\deceptive\trial_lie_039.wav,1,deceptive,22.5,27.5,30.0001875
trial_lie_039,d:\NSBM\3rd Year\Final Year Project\Product Development\Github\Mutimodal-Deception-Dectection\Demos\Real Life Trial Data (Demo 5)\train\audio_model\extracted_audio\deceptive\trial_lie_039.wav,1,deceptive,25.0,30.0,30.0001875
trial_lie_040,d:\NSBM\3rd Year\Final Year Project\Product Development\Github\Mutimodal-Deception-Dectection\Demos\Real Life Trial Data (Demo 5)\train\audio_model\extracted_audio\deceptive\trial_lie_040.wav,1,deceptive,0.0,5.0,24.0094375
trial_lie_040,d:\NSBM\3rd Year\Final Year Project\Product Development\Github\Mutimodal-Deception-Dectection\Demos\Real Life Trial Data (Demo 5)\train\audio_model\extracted_audio\deceptive\trial_lie_040.wav,1,deceptive,2.5,7.5,24.0094375
trial_lie_040,d:\NSBM\3rd Year\Final Year Project\Product Development\Github\Mutimodal-Deception-Dectection\Demos\Real Life Trial Data (Demo 5)\train\audio_model\extracted_audio\deceptive\trial_lie_040.wav,1,deceptive,5.0,10.0,24.0094375
trial_lie_040,d:\NSBM\3rd Year\Final Year Project\Product Development\Github\Mutimodal-Deception-Dectection\Demos\Real Life Trial Data (Demo 5)\train\audio_model\extracted_audio\deceptive\trial_lie_040.wav,1,deceptive,7.5,12.5,24.0094375
trial_lie_040,d:\NSBM\3rd Year\Final Year Project\Product Development\Github\Mutimodal-Deception-Dectection\Demos\Real Life Trial Data (Demo 5)\train\audio_model\extracted_audio\deceptive\trial_lie_040.wav,1,deceptive,10.0,15.0,24.0094375
trial_lie_040,d:\NSBM\3rd Year\Final Year Project\Product Development\Github\Mutimodal-Deception-Dectection\Demos\Real Life Trial Data (Demo 5)\train\audio_model\extracted_audio\deceptive\trial_lie_040.wav,1,deceptive,12.5,17.5,24.0094375
trial_lie_040,d:\NSBM\3rd Year\Final Year Project\Product Development\Github\Mutimodal-Deception-Dectection\Demos\Real Life Trial Data (Demo 5)\train\audio_model\extracted_audio\deceptive\trial_lie_040.wav,1,deceptive,15.0,20.0,24.0094375
trial_lie_040,d:\NSBM\3rd Year\Final Year Project\Product Development\Github\Mutimodal-Deception-Dectection\Demos\Real Life Trial Data (Demo 5)\train\audio_model\extracted_audio\deceptive\trial_lie_040.wav,1,deceptive,17.5,22.5,24.0094375
trial_lie_041,d:\NSBM\3rd Year\Final Year Project\Product Development\Github\Mutimodal-Deception-Dectection\Demos\Real Life Trial Data (Demo 5)\train\audio_model\extracted_audio\deceptive\trial_lie_041.wav,1,deceptive,0.0,5.0,26.006375
trial_lie_041,d:\NSBM\3rd Year\Final Year Project\Product Development\Github\Mutimodal-Deception-Dectection\Demos\Real Life Trial Data (Demo 5)\train\audio_model\extracted_audio\deceptive\trial_lie_041.wav,1,deceptive,2.5,7.5,26.006375
trial_lie_041,d:\NSBM\3rd Year\Final Year Project\Product Development\Github\Mutimodal-Deception-Dectection\Demos\Real Life Trial Data (Demo 5)\train\audio_model\extracted_audio\deceptive\trial_lie_041.wav,1,deceptive,5.0,10.0,26.006375
trial_lie_041,d:\NSBM\3rd Year\Final Year Project\Product Development\Github\Mutimodal-Deception-Dectection\Demos\Real Life Trial Data (Demo 5)\train\audio_model\extracted_audio\deceptive\trial_lie_041.wav,1,deceptive,7.5,12.5,26.006375
trial_lie_041,d:\NSBM\3rd Year\Final Year Project\Product Development\Github\Mutimodal-Deception-Dectection\Demos\Real Life Trial Data (Demo 5)\train\audio_model\extracted_audio\deceptive\trial_lie_041.wav,1,deceptive,10.0,15.0,26.006375
trial_lie_041,d:\NSBM\3rd Year\Final Year Project\Product Development\Github\Mutimodal-Deception-Dectection\Demos\Real Life Trial Data (Demo 5)\train\audio_model\extracted_audio\deceptive\trial_lie_041.wav,1,deceptive,12.5,17.5,26.006375
trial_lie_041,d:\NSBM\3rd Year\Final Year Project\Product Development\Github\Mutimodal-Deception-Dectection\Demos\Real Life Trial Data (Demo 5)\train\audio_model\extracted_audio\deceptive\trial_lie_041.wav,1,deceptive,15.0,20.0,26.006375
trial_lie_041,d:\NSBM\3rd Year\Final Year Project\Product Development\Github\Mutimodal-Deception-Dectection\Demos\Real Life Trial Data (Demo 5)\train\audio_model\extracted_audio\deceptive\trial_lie_041.wav,1,deceptive,17.5,22.5,26.006375
trial_lie_041,d:\NSBM\3rd Year\Final Year Project\Product Development\Github\Mutimodal-Deception-Dectection\Demos\Real Life Trial Data (Demo 5)\train\audio_model\extracted_audio\deceptive\trial_lie_041.wav,1,deceptive,20.0,25.0,26.006375
trial_lie_042,d:\NSBM\3rd Year\Final Year Project\Product Development\Github\Mutimodal-Deception-Dectection\Demos\Real Life Trial Data (Demo 5)\train\audio_model\extracted_audio\deceptive\trial_lie_042.wav,1,deceptive,0.0,5.0,24.0094375
trial_lie_042,d:\NSBM\3rd Year\Final Year Project\Product Development\Github\Mutimodal-Deception-Dectection\Demos\Real Life Trial Data (Demo 5)\train\audio_model\extracted_audio\deceptive\trial_lie_042.wav,1,deceptive,2.5,7.5,24.0094375
trial_lie_042,d:\NSBM\3rd Year\Final Year Project\Product Development\Github\Mutimodal-Deception-Dectection\Demos\Real Life Trial Data (Demo 5)\train\audio_model\extracted_audio\deceptive\trial_lie_042.wav,1,deceptive,5.0,10.0,24.0094375
trial_lie_042,d:\NSBM\3rd Year\Final Year Project\Product Development\Github\Mutimodal-Deception-Dectection\Demos\Real Life Trial Data (Demo 5)\train\audio_model\extracted_audio\deceptive\trial_lie_042.wav,1,deceptive,7.5,12.5,24.0094375
trial_lie_042,d:\NSBM\3rd Year\Final Year Project\Product Development\Github\Mutimodal-Deception-Dectection\Demos\Real Life Trial Data (Demo 5)\train\audio_model\extracted_audio\deceptive\trial_lie_042.wav,1,deceptive,10.0,15.0,24.0094375
trial_lie_042,d:\NSBM\3rd Year\Final Year Project\Product Development\Github\Mutimodal-Deception-Dectection\Demos\Real Life Trial Data (Demo 5)\train\audio_model\extracted_audio\deceptive\trial_lie_042.wav,1,deceptive,12.5,17.5,24.0094375
trial_lie_042,d:\NSBM\3rd Year\Final Year Project\Product Development\Github\Mutimodal-Deception-Dectection\Demos\Real Life Trial Data (Demo 5)\train\audio_model\extracted_audio\deceptive\trial_lie_042.wav,1,deceptive,15.0,20.0,24.0094375
trial_lie_042,d:\NSBM\3rd Year\Final Year Project\Product Development\Github\Mutimodal-Deception-Dectection\Demos\Real Life Trial Data (Demo 5)\train\audio_model\extracted_audio\deceptive\trial_lie_042.wav,1,deceptive,17.5,22.5,24.0094375
trial_lie_043,d:\NSBM\3rd Year\Final Year Project\Product Development\Github\Mutimodal-Deception-Dectection\Demos\Real Life Trial Data (Demo 5)\train\audio_model\extracted_audio\deceptive\trial_lie_043.wav,1,deceptive,0.0,5.0,14.024875
trial_lie_043,d:\NSBM\3rd Year\Final Year Project\Product Development\Github\Mutimodal-Deception-Dectection\Demos\Real Life Trial Data (Demo 5)\train\audio_model\extracted_audio\deceptive\trial_lie_043.wav,1,deceptive,2.5,7.5,14.024875
trial_lie_043,d:\NSBM\3rd Year\Final Year Project\Product Development\Github\Mutimodal-Deception-Dectection\Demos\Real Life Trial Data (Demo 5)\train\audio_model\extracted_audio\deceptive\trial_lie_043.wav,1,deceptive,5.0,10.0,14.024875
trial_lie_043,d:\NSBM\3rd Year\Final Year Project\Product Development\Github\Mutimodal-Deception-Dectection\Demos\Real Life Trial Data (Demo 5)\train\audio_model\extracted_audio\deceptive\trial_lie_043.wav,1,deceptive,7.5,12.5,14.024875
trial_lie_044,d:\NSBM\3rd Year\Final Year Project\Product Development\Github\Mutimodal-Deception-Dectection\Demos\Real Life Trial Data (Demo 5)\train\audio_model\extracted_audio\deceptive\trial_lie_044.wav,1,deceptive,0.0,5.0,9.009375
trial_lie_044,d:\NSBM\3rd Year\Final Year Project\Product Development\Github\Mutimodal-Deception-Dectection\Demos\Real Life Trial Data (Demo 5)\train\audio_model\extracted_audio\deceptive\trial_lie_044.wav,1,deceptive,2.5,7.5,9.009375
trial_lie_045,d:\NSBM\3rd Year\Final Year Project\Product Development\Github\Mutimodal-Deception-Dectection\Demos\Real Life Trial Data (Demo 5)\train\audio_model\extracted_audio\deceptive\trial_lie_045.wav,1,deceptive,0.0,5.0,19.040375
trial_lie_045,d:\NSBM\3rd Year\Final Year Project\Product Development\Github\Mutimodal-Deception-Dectection\Demos\Real Life Trial Data (Demo 5)\train\audio_model\extracted_audio\deceptive\trial_lie_045.wav,1,deceptive,2.5,7.5,19.040375
trial_lie_045,d:\NSBM\3rd Year\Final Year Project\Product Development\Github\Mutimodal-Deception-Dectection\Demos\Real Life Trial Data (Demo 5)\train\audio_model\extracted_audio\deceptive\trial_lie_045.wav,1,deceptive,5.0,10.0,19.040375
trial_lie_045,d:\NSBM\3rd Year\Final Year Project\Product Development\Github\Mutimodal-Deception-Dectection\Demos\Real Life Trial Data (Demo 5)\train\audio_model\extracted_audio\deceptive\trial_lie_045.wav,1,deceptive,7.5,12.5,19.040375
trial_lie_045,d:\NSBM\3rd Year\Final Year Project\Product Development\Github\Mutimodal-Deception-Dectection\Demos\Real Life Trial Data (Demo 5)\train\audio_model\extracted_audio\deceptive\trial_lie_045.wav,1,deceptive,10.0,15.0,19.040375
trial_lie_045,d:\NSBM\3rd Year\Final Year Project\Product Development\Github\Mutimodal-Deception-Dectection\Demos\Real Life Trial Data (Demo 5)\train\audio_model\extracted_audio\deceptive\trial_lie_045.wav,1,deceptive,12.5,17.5,19.040375
trial_lie_046,d:\NSBM\3rd Year\Final Year Project\Product Development\Github\Mutimodal-Deception-Dectection\Demos\Real Life Trial Data (Demo 5)\train\audio_model\extracted_audio\deceptive\trial_lie_046.wav,1,deceptive,0.0,5.0,33.0188125
trial_lie_046,d:\NSBM\3rd Year\Final Year Project\Product Development\Github\Mutimodal-Deception-Dectection\Demos\Real Life Trial Data (Demo 5)\train\audio_model\extracted_audio\deceptive\trial_lie_046.wav,1,deceptive,2.5,7.5,33.0188125
trial_lie_046,d:\NSBM\3rd Year\Final Year Project\Product Development\Github\Mutimodal-Deception-Dectection\Demos\Real Life Trial Data (Demo 5)\train\audio_model\extracted_audio\deceptive\trial_lie_046.wav,1,deceptive,5.0,10.0,33.0188125
trial_lie_046,d:\NSBM\3rd Year\Final Year Project\Product Development\Github\Mutimodal-Deception-Dectection\Demos\Real Life Trial Data (Demo 5)\train\audio_model\extracted_audio\deceptive\trial_lie_046.wav,1,deceptive,7.5,12.5,33.0188125
trial_lie_046,d:\NSBM\3rd Year\Final Year Project\Product Development\Github\Mutimodal-Deception-Dectection\Demos\Real Life Trial Data (Demo 5)\train\audio_model\extracted_audio\deceptive\trial_lie_046.wav,1,deceptive,10.0,15.0,33.0188125
trial_lie_046,d:\NSBM\3rd Year\Final Year Project\Product Development\Github\Mutimodal-Deception-Dectection\Demos\Real Life Trial Data (Demo 5)\train\audio_model\extracted_audio\deceptive\trial_lie_046.wav,1,deceptive,12.5,17.5,33.0188125
trial_lie_046,d:\NSBM\3rd Year\Final Year Project\Product Development\Github\Mutimodal-Deception-Dectection\Demos\Real Life Trial Data (Demo 5)\train\audio_model\extracted_audio\deceptive\trial_lie_046.wav,1,deceptive,15.0,20.0,33.0188125
trial_lie_046,d:\NSBM\3rd Year\Final Year Project\Product Development\Github\Mutimodal-Deception-Dectection\Demos\Real Life Trial Data (Demo 5)\train\audio_model\extracted_audio\deceptive\trial_lie_046.wav,1,deceptive,17.5,22.5,33.0188125
trial_lie_046,d:\NSBM\3rd Year\Final Year Project\Product Development\Github\Mutimodal-Deception-Dectection\Demos\Real Life Trial Data (Demo 5)\train\audio_model\extracted_audio\deceptive\trial_lie_046.wav,1,deceptive,20.0,25.0,33.0188125
trial_lie_046,d:\NSBM\3rd Year\Final Year Project\Product Development\Github\Mutimodal-Deception-Dectection\Demos\Real Life Trial Data (Demo 5)\train\audio_model\extracted_audio\deceptive\trial_lie_046.wav,1,deceptive,22.5,27.5,33.0188125
trial_lie_046,d:\NSBM\3rd Year\Final Year Project\Product Development\Github\Mutimodal-Deception-Dectection\Demos\Real Life Trial Data (Demo 5)\train\audio_model\extracted_audio\deceptive\trial_lie_046.wav,1,deceptive,25.0,30.0,33.0188125
trial_lie_046,d:\NSBM\3rd Year\Final Year Project\Product Development\Github\Mutimodal-Deception-Dectection\Demos\Real Life Trial Data (Demo 5)\train\audio_model\extracted_audio\deceptive\trial_lie_046.wav,1,deceptive,27.5,32.5,33.0188125
trial_lie_047,d:\NSBM\3rd Year\Final Year Project\Product Development\Github\Mutimodal-Deception-Dectection\Demos\Real Life Trial Data (Demo 5)\train\audio_model\extracted_audio\deceptive\trial_lie_047.wav,1,deceptive,0.0,5.0,16.02175
trial_lie_047,d:\NSBM\3rd Year\Final Year Project\Product Development\Github\Mutimodal-Deception-Dectection\Demos\Real Life Trial Data (Demo 5)\train\audio_model\extracted_audio\deceptive\trial_lie_047.wav,1,deceptive,2.5,7.5,16.02175
trial_lie_047,d:\NSBM\3rd Year\Final Year Project\Product Development\Github\Mutimodal-Deception-Dectection\Demos\Real Life Trial Data (Demo 5)\train\audio_model\extracted_audio\deceptive\trial_lie_047.wav,1,deceptive,5.0,10.0,16.02175
trial_lie_047,d:\NSBM\3rd Year\Final Year Project\Product Development\Github\Mutimodal-Deception-Dectection\Demos\Real Life Trial Data (Demo 5)\train\audio_model\extracted_audio\deceptive\trial_lie_047.wav,1,deceptive,7.5,12.5,16.02175
trial_lie_047,d:\NSBM\3rd Year\Final Year Project\Product Development\Github\Mutimodal-Deception-Dectection\Demos\Real Life Trial Data (Demo 5)\train\audio_model\extracted_audio\deceptive\trial_lie_047.wav,1,deceptive,10.0,15.0,16.02175
trial_lie_048,d:\NSBM\3rd Year\Final Year Project\Product Development\Github\Mutimodal-Deception-Dectection\Demos\Real Life Trial Data (Demo 5)\train\audio_model\extracted_audio\deceptive\trial_lie_048.wav,1,deceptive,0.0,5.0,48.018875
trial_lie_048,d:\NSBM\3rd Year\Final Year Project\Product Development\Github\Mutimodal-Deception-Dectection\Demos\Real Life Trial Data (Demo 5)\train\audio_model\extracted_audio\deceptive\trial_lie_048.wav,1,deceptive,2.5,7.5,48.018875
trial_lie_048,d:\NSBM\3rd Year\Final Year Project\Product Development\Github\Mutimodal-Deception-Dectection\Demos\Real Life Trial Data (Demo 5)\train\audio_model\extracted_audio\deceptive\trial_lie_048.wav,1,deceptive,5.0,10.0,48.018875
trial_lie_048,d:\NSBM\3rd Year\Final Year Project\Product Development\Github\Mutimodal-Deception-Dectection\Demos\Real Life Trial Data (Demo 5)\train\audio_model\extracted_audio\deceptive\trial_lie_048.wav,1,deceptive,7.5,12.5,48.018875
trial_lie_048,d:\NSBM\3rd Year\Final Year Project\Product Development\Github\Mutimodal-Deception-Dectection\Demos\Real Life Trial Data (Demo 5)\train\audio_model\extracted_audio\deceptive\trial_lie_048.wav,1,deceptive,10.0,15.0,48.018875
trial_lie_048,d:\NSBM\3rd Year\Final Year Project\Product Development\Github\Mutimodal-Deception-Dectection\Demos\Real Life Trial Data (Demo 5)\train\audio_model\extracted_audio\deceptive\trial_lie_048.wav,1,deceptive,12.5,17.5,48.018875
trial_lie_048,d:\NSBM\3rd Year\Final Year Project\Product Development\Github\Mutimodal-Deception-Dectection\Demos\Real Life Trial Data (Demo 5)\train\audio_model\extracted_audio\deceptive\trial_lie_048.wav,1,deceptive,15.0,20.0,48.018875
trial_lie_048,d:\NSBM\3rd Year\Final Year Project\Product Development\Github\Mutimodal-Deception-Dectection\Demos\Real Life Trial Data (Demo 5)\train\audio_model\extracted_audio\deceptive\trial_lie_048.wav,1,deceptive,17.5,22.5,48.018875
trial_lie_048,d:\NSBM\3rd Year\Final Year Project\Product Development\Github\Mutimodal-Deception-Dectection\Demos\Real Life Trial Data (Demo 5)\train\audio_model\extracted_audio\deceptive\trial_lie_048.wav,1,deceptive,20.0,25.0,48.018875
trial_lie_048,d:\NSBM\3rd Year\Final Year Project\Product Development\Github\Mutimodal-Deception-Dectection\Demos\Real Life Trial Data (Demo 5)\train\audio_model\extracted_audio\deceptive\trial_lie_048.wav,1,deceptive,22.5,27.5,48.018875
trial_lie_048,d:\NSBM\3rd Year\Final Year Project\Product Development\Github\Mutimodal-Deception-Dectection\Demos\Real Life Trial Data (Demo 5)\train\audio_model\extracted_audio\deceptive\trial_lie_048.wav,1,deceptive,25.0,30.0,48.018875
trial_lie_048,d:\NSBM\3rd Year\Final Year Project\Product Development\Github\Mutimodal-Deception-Dectection\Demos\Real Life Trial Data (Demo 5)\train\audio_model\extracted_audio\deceptive\trial_lie_048.wav,1,deceptive,27.5,32.5,48.018875
trial_lie_048,d:\NSBM\3rd Year\Final Year Project\Product Development\Github\Mutimodal-Deception-Dectection\Demos\Real Life Trial Data (Demo 5)\train\audio_model\extracted_audio\deceptive\trial_lie_048.wav,1,deceptive,30.0,35.0,48.018875
trial_lie_048,d:\NSBM\3rd Year\Final Year Project\Product Development\Github\Mutimodal-Deception-Dectection\Demos\Real Life Trial Data (Demo 5)\train\audio_model\extracted_audio\deceptive\trial_lie_048.wav,1,deceptive,32.5,37.5,48.018875
trial_lie_048,d:\NSBM\3rd Year\Final Year Project\Product Development\Github\Mutimodal-Deception-Dectection\Demos\Real Life Trial Data (Demo 5)\train\audio_model\extracted_audio\deceptive\trial_lie_048.wav,1,deceptive,35.0,40.0,48.018875
trial_lie_048,d:\NSBM\3rd Year\Final Year Project\Product Development\Github\Mutimodal-Deception-Dectection\Demos\Real Life Trial Data (Demo 5)\train\audio_model\extracted_audio\deceptive\trial_lie_048.wav,1,deceptive,37.5,42.5,48.018875
trial_lie_048,d:\NSBM\3rd Year\Final Year Project\Product Development\Github\Mutimodal-Deception-Dectection\Demos\Real Life Trial Data (Demo 5)\train\audio_model\extracted_audio\deceptive\trial_lie_048.wav,1,deceptive,40.0,45.0,48.018875
trial_lie_048,d:\NSBM\3rd Year\Final Year Project\Product Development\Github\Mutimodal-Deception-Dectection\Demos\Real Life Trial Data (Demo 5)\train\audio_model\extracted_audio\deceptive\trial_lie_048.wav,1,deceptive,42.5,47.5,48.018875
trial_lie_049,d:\NSBM\3rd Year\Final Year Project\Product Development\Github\Mutimodal-Deception-Dectection\Demos\Real Life Trial Data (Demo 5)\train\audio_model\extracted_audio\deceptive\trial_lie_049.wav,1,deceptive,0.0,5.0,23.011
trial_lie_049,d:\NSBM\3rd Year\Final Year Project\Product Development\Github\Mutimodal-Deception-Dectection\Demos\Real Life Trial Data (Demo 5)\train\audio_model\extracted_audio\deceptive\trial_lie_049.wav,1,deceptive,2.5,7.5,23.011
trial_lie_049,d:\NSBM\3rd Year\Final Year Project\Product Development\Github\Mutimodal-Deception-Dectection\Demos\Real Life Trial Data (Demo 5)\train\audio_model\extracted_audio\deceptive\trial_lie_049.wav,1,deceptive,5.0,10.0,23.011
trial_lie_049,d:\NSBM\3rd Year\Final Year Project\Product Development\Github\Mutimodal-Deception-Dectection\Demos\Real Life Trial Data (Demo 5)\train\audio_model\extracted_audio\deceptive\trial_lie_049.wav,1,deceptive,7.5,12.5,23.011
trial_lie_049,d:\NSBM\3rd Year\Final Year Project\Product Development\Github\Mutimodal-Deception-Dectection\Demos\Real Life Trial Data (Demo 5)\train\audio_model\extracted_audio\deceptive\trial_lie_049.wav,1,deceptive,10.0,15.0,23.011
trial_lie_049,d:\NSBM\3rd Year\Final Year Project\Product Development\Github\Mutimodal-Deception-Dectection\Demos\Real Life Trial Data (Demo 5)\train\audio_model\extracted_audio\deceptive\trial_lie_049.wav,1,deceptive,12.5,17.5,23.011
trial_lie_049,d:\NSBM\3rd Year\Final Year Project\Product Development\Github\Mutimodal-Deception-Dectection\Demos\Real Life Trial Data (Demo 5)\train\audio_model\extracted_audio\deceptive\trial_lie_049.wav,1,deceptive,15.0,20.0,23.011
trial_lie_049,d:\NSBM\3rd Year\Final Year Project\Product Development\Github\Mutimodal-Deception-Dectection\Demos\Real Life Trial Data (Demo 5)\train\audio_model\extracted_audio\deceptive\trial_lie_049.wav,1,deceptive,17.5,22.5,23.011
trial_lie_050,d:\NSBM\3rd Year\Final Year Project\Product Development\Github\Mutimodal-Deception-Dectection\Demos\Real Life Trial Data (Demo 5)\train\audio_model\extracted_audio\deceptive\trial_lie_050.wav,1,deceptive,0.0,5.0,25.007875
trial_lie_050,d:\NSBM\3rd Year\Final Year Project\Product Development\Github\Mutimodal-Deception-Dectection\Demos\Real Life Trial Data (Demo 5)\train\audio_model\extracted_audio\deceptive\trial_lie_050.wav,1,deceptive,2.5,7.5,25.007875
trial_lie_050,d:\NSBM\3rd Year\Final Year Project\Product Development\Github\Mutimodal-Deception-Dectection\Demos\Real Life Trial Data (Demo 5)\train\audio_model\extracted_audio\deceptive\trial_lie_050.wav,1,deceptive,5.0,10.0,25.007875
trial_lie_050,d:\NSBM\3rd Year\Final Year Project\Product Development\Github\Mutimodal-Deception-Dectection\Demos\Real Life Trial Data (Demo 5)\train\audio_model\extracted_audio\deceptive\trial_lie_050.wav,1,deceptive,7.5,12.5,25.007875
trial_lie_050,d:\NSBM\3rd Year\Final Year Project\Product Development\Github\Mutimodal-Deception-Dectection\Demos\Real Life Trial Data (Demo 5)\train\audio_model\extracted_audio\deceptive\trial_lie_050.wav,1,deceptive,10.0,15.0,25.007875
trial_lie_050,d:\NSBM\3rd Year\Final Year Project\Product Development\Github\Mutimodal-Deception-Dectection\Demos\Real Life Trial Data (Demo 5)\train\audio_model\extracted_audio\deceptive\trial_lie_050.wav,1,deceptive,12.5,17.5,25.007875
trial_lie_050,d:\NSBM\3rd Year\Final Year Project\Product Development\Github\Mutimodal-Deception-Dectection\Demos\Real Life Trial Data (Demo 5)\train\audio_model\extracted_audio\deceptive\trial_lie_050.wav,1,deceptive,15.0,20.0,25.007875
trial_lie_050,d:\NSBM\3rd Year\Final Year Project\Product Development\Github\Mutimodal-Deception-Dectection\Demos\Real Life Trial Data (Demo 5)\train\audio_model\extracted_audio\deceptive\trial_lie_050.wav,1,deceptive,17.5,22.5,25.007875
trial_lie_050,d:\NSBM\3rd Year\Final Year Project\Product Development\Github\Mutimodal-Deception-Dectection\Demos\Real Life Trial Data (Demo 5)\train\audio_model\extracted_audio\deceptive\trial_lie_050.wav,1,deceptive,20.0,25.0,25.007875
trial_lie_051,d:\NSBM\3rd Year\Final Year Project\Product Development\Github\Mutimodal-Deception-Dectection\Demos\Real Life Trial Data (Demo 5)\train\audio_model\extracted_audio\deceptive\trial_lie_051.wav,1,deceptive,0.0,5.0,7.0124375
trial_lie_052,d:\NSBM\3rd Year\Final Year Project\Product Development\Github\Mutimodal-Deception-Dectection\Demos\Real Life Trial Data (Demo 5)\train\audio_model\extracted_audio\deceptive\trial_lie_052.wav,1,deceptive,0.0,5.0,48.018875
trial_lie_052,d:\NSBM\3rd Year\Final Year Project\Product Development\Github\Mutimodal-Deception-Dectection\Demos\Real Life Trial Data (Demo 5)\train\audio_model\extracted_audio\deceptive\trial_lie_052.wav,1,deceptive,2.5,7.5,48.018875
trial_lie_052,d:\NSBM\3rd Year\Final Year Project\Product Development\Github\Mutimodal-Deception-Dectection\Demos\Real Life Trial Data (Demo 5)\train\audio_model\extracted_audio\deceptive\trial_lie_052.wav,1,deceptive,5.0,10.0,48.018875
trial_lie_052,d:\NSBM\3rd Year\Final Year Project\Product Development\Github\Mutimodal-Deception-Dectection\Demos\Real Life Trial Data (Demo 5)\train\audio_model\extracted_audio\deceptive\trial_lie_052.wav,1,deceptive,7.5,12.5,48.018875
trial_lie_052,d:\NSBM\3rd Year\Final Year Project\Product Development\Github\Mutimodal-Deception-Dectection\Demos\Real Life Trial Data (Demo 5)\train\audio_model\extracted_audio\deceptive\trial_lie_052.wav,1,deceptive,10.0,15.0,48.018875
trial_lie_052,d:\NSBM\3rd Year\Final Year Project\Product Development\Github\Mutimodal-Deception-Dectection\Demos\Real Life Trial Data (Demo 5)\train\audio_model\extracted_audio\deceptive\trial_lie_052.wav,1,deceptive,12.5,17.5,48.018875
trial_lie_052,d:\NSBM\3rd Year\Final Year Project\Product Development\Github\Mutimodal-Deception-Dectection\Demos\Real Life Trial Data (Demo 5)\train\audio_model\extracted_audio\deceptive\trial_lie_052.wav,1,deceptive,15.0,20.0,48.018875
trial_lie_052,d:\NSBM\3rd Year\Final Year Project\Product Development\Github\Mutimodal-Deception-Dectection\Demos\Real Life Trial Data (Demo 5)\train\audio_model\extracted_audio\deceptive\trial_lie_052.wav,1,deceptive,17.5,22.5,48.018875
trial_lie_052,d:\NSBM\3rd Year\Final Year Project\Product Development\Github\Mutimodal-Deception-Dectection\Demos\Real Life Trial Data (Demo 5)\train\audio_model\extracted_audio\deceptive\trial_lie_052.wav,1,deceptive,20.0,25.0,48.018875
trial_lie_052,d:\NSBM\3rd Year\Final Year Project\Product Development\Github\Mutimodal-Deception-Dectection\Demos\Real Life Trial Data (Demo 5)\train\audio_model\extracted_audio\deceptive\trial_lie_052.wav,1,deceptive,22.5,27.5,48.018875
trial_lie_052,d:\NSBM\3rd Year\Final Year Project\Product Development\Github\Mutimodal-Deception-Dectection\Demos\Real Life Trial Data (Demo 5)\train\audio_model\extracted_audio\deceptive\trial_lie_052.wav,1,deceptive,25.0,30.0,48.018875
trial_lie_052,d:\NSBM\3rd Year\Final Year Project\Product Development\Github\Mutimodal-Deception-Dectection\Demos\Real Life Trial Data (Demo 5)\train\audio_model\extracted_audio\deceptive\trial_lie_052.wav,1,deceptive,27.5,32.5,48.018875
trial_lie_052,d:\NSBM\3rd Year\Final Year Project\Product Development\Github\Mutimodal-Deception-Dectection\Demos\Real Life Trial Data (Demo 5)\train\audio_model\extracted_audio\deceptive\trial_lie_052.wav,1,deceptive,30.0,35.0,48.018875
trial_lie_052,d:\NSBM\3rd Year\Final Year Project\Product Development\Github\Mutimodal-Deception-Dectection\Demos\Real Life Trial Data (Demo 5)\train\audio_model\extracted_audio\deceptive\trial_lie_052.wav,1,deceptive,32.5,37.5,48.018875
trial_lie_052,d:\NSBM\3rd Year\Final Year Project\Product Development\Github\Mutimodal-Deception-Dectection\Demos\Real Life Trial Data (Demo 5)\train\audio_model\extracted_audio\deceptive\trial_lie_052.wav,1,deceptive,35.0,40.0,48.018875
trial_lie_052,d:\NSBM\3rd Year\Final Year Project\Product Development\Github\Mutimodal-Deception-Dectection\Demos\Real Life Trial Data (Demo 5)\train\audio_model\extracted_audio\deceptive\trial_lie_052.wav,1,deceptive,37.5,42.5,48.018875
trial_lie_052,d:\NSBM\3rd Year\Final Year Project\Product Development\Github\Mutimodal-Deception-Dectection\Demos\Real Life Trial Data (Demo 5)\train\audio_model\extracted_audio\deceptive\trial_lie_052.wav,1,deceptive,40.0,45.0,48.018875
trial_lie_052,d:\NSBM\3rd Year\Final Year Project\Product Development\Github\Mutimodal-Deception-Dectection\Demos\Real Life Trial Data (Demo 5)\train\audio_model\extracted_audio\deceptive\trial_lie_052.wav,1,deceptive,42.5,47.5,48.018875
trial_lie_053,d:\NSBM\3rd Year\Final Year Project\Product Development\Github\Mutimodal-Deception-Dectection\Demos\Real Life Trial Data (Demo 5)\train\audio_model\extracted_audio\deceptive\trial_lie_053.wav,1,deceptive,0.0,5.0,36.0141875
trial_lie_053,d:\NSBM\3rd Year\Final Year Project\Product Development\Github\Mutimodal-Deception-Dectection\Demos\Real Life Trial Data (Demo 5)\train\audio_model\extracted_audio\deceptive\trial_lie_053.wav,1,deceptive,2.5,7.5,36.0141875
trial_lie_053,d:\NSBM\3rd Year\Final Year Project\Product Development\Github\Mutimodal-Deception-Dectection\Demos\Real Life Trial Data (Demo 5)\train\audio_model\extracted_audio\deceptive\trial_lie_053.wav,1,deceptive,5.0,10.0,36.0141875
trial_lie_053,d:\NSBM\3rd Year\Final Year Project\Product Development\Github\Mutimodal-Deception-Dectection\Demos\Real Life Trial Data (Demo 5)\train\audio_model\extracted_audio\deceptive\trial_lie_053.wav,1,deceptive,7.5,12.5,36.0141875
trial_lie_053,d:\NSBM\3rd Year\Final Year Project\Product Development\Github\Mutimodal-Deception-Dectection\Demos\Real Life Trial Data (Demo 5)\train\audio_model\extracted_audio\deceptive\trial_lie_053.wav,1,deceptive,10.0,15.0,36.0141875
trial_lie_053,d:\NSBM\3rd Year\Final Year Project\Product Development\Github\Mutimodal-Deception-Dectection\Demos\Real Life Trial Data (Demo 5)\train\audio_model\extracted_audio\deceptive\trial_lie_053.wav,1,deceptive,12.5,17.5,36.0141875
trial_lie_053,d:\NSBM\3rd Year\Final Year Project\Product Development\Github\Mutimodal-Deception-Dectection\Demos\Real Life Trial Data (Demo 5)\train\audio_model\extracted_audio\deceptive\trial_lie_053.wav,1,deceptive,15.0,20.0,36.0141875
trial_lie_053,d:\NSBM\3rd Year\Final Year Project\Product Development\Github\Mutimodal-Deception-Dectection\Demos\Real Life Trial Data (Demo 5)\train\audio_model\extracted_audio\deceptive\trial_lie_053.wav,1,deceptive,17.5,22.5,36.0141875
trial_lie_053,d:\NSBM\3rd Year\Final Year Project\Product Development\Github\Mutimodal-Deception-Dectection\Demos\Real Life Trial Data (Demo 5)\train\audio_model\extracted_audio\deceptive\trial_lie_053.wav,1,deceptive,20.0,25.0,36.0141875
trial_lie_053,d:\NSBM\3rd Year\Final Year Project\Product Development\Github\Mutimodal-Deception-Dectection\Demos\Real Life Trial Data (Demo 5)\train\audio_model\extracted_audio\deceptive\trial_lie_053.wav,1,deceptive,22.5,27.5,36.0141875
trial_lie_053,d:\NSBM\3rd Year\Final Year Project\Product Development\Github\Mutimodal-Deception-Dectection\Demos\Real Life Trial Data (Demo 5)\train\audio_model\extracted_audio\deceptive\trial_lie_053.wav,1,deceptive,25.0,30.0,36.0141875
trial_lie_053,d:\NSBM\3rd Year\Final Year Project\Product Development\Github\Mutimodal-Deception-Dectection\Demos\Real Life Trial Data (Demo 5)\train\audio_model\extracted_audio\deceptive\trial_lie_053.wav,1,deceptive,27.5,32.5,36.0141875
trial_lie_053,d:\NSBM\3rd Year\Final Year Project\Product Development\Github\Mutimodal-Deception-Dectection\Demos\Real Life Trial Data (Demo 5)\train\audio_model\extracted_audio\deceptive\trial_lie_053.wav,1,deceptive,30.0,35.0,36.0141875
trial_lie_054,d:\NSBM\3rd Year\Final Year Project\Product Development\Github\Mutimodal-Deception-Dectection\Demos\Real Life Trial Data (Demo 5)\train\audio_model\extracted_audio\deceptive\trial_lie_054.wav,1,deceptive,0.0,5.0,20.015625
trial_lie_054,d:\NSBM\3rd Year\Final Year Project\Product Development\Github\Mutimodal-Deception-Dectection\Demos\Real Life Trial Data (Demo 5)\train\audio_model\extracted_audio\deceptive\trial_lie_054.wav,1,deceptive,2.5,7.5,20.015625
trial_lie_054,d:\NSBM\3rd Year\Final Year Project\Product Development\Github\Mutimodal-Deception-Dectection\Demos\Real Life Trial Data (Demo 5)\train\audio_model\extracted_audio\deceptive\trial_lie_054.wav,1,deceptive,5.0,10.0,20.015625
trial_lie_054,d:\NSBM\3rd Year\Final Year Project\Product Development\Github\Mutimodal-Deception-Dectection\Demos\Real Life Trial Data (Demo 5)\train\audio_model\extracted_audio\deceptive\trial_lie_054.wav,1,deceptive,7.5,12.5,20.015625
trial_lie_054,d:\NSBM\3rd Year\Final Year Project\Product Development\Github\Mutimodal-Deception-Dectection\Demos\Real Life Trial Data (Demo 5)\train\audio_model\extracted_audio\deceptive\trial_lie_054.wav,1,deceptive,10.0,15.0,20.015625
trial_lie_054,d:\NSBM\3rd Year\Final Year Project\Product Development\Github\Mutimodal-Deception-Dectection\Demos\Real Life Trial Data (Demo 5)\train\audio_model\extracted_audio\deceptive\trial_lie_054.wav,1,deceptive,12.5,17.5,20.015625
trial_lie_054,d:\NSBM\3rd Year\Final Year Project\Product Development\Github\Mutimodal-Deception-Dectection\Demos\Real Life Trial Data (Demo 5)\train\audio_model\extracted_audio\deceptive\trial_lie_054.wav,1,deceptive,15.0,20.0,20.015625
trial_lie_055,d:\NSBM\3rd Year\Final Year Project\Product Development\Github\Mutimodal-Deception-Dectection\Demos\Real Life Trial Data (Demo 5)\train\audio_model\extracted_audio\deceptive\trial_lie_055.wav,1,deceptive,0.0,5.0,32.0203125
trial_lie_055,d:\NSBM\3rd Year\Final Year Project\Product Development\Github\Mutimodal-Deception-Dectection\Demos\Real Life Trial Data (Demo 5)\train\audio_model\extracted_audio\deceptive\trial_lie_055.wav,1,deceptive,2.5,7.5,32.0203125
trial_lie_055,d:\NSBM\3rd Year\Final Year Project\Product Development\Github\Mutimodal-Deception-Dectection\Demos\Real Life Trial Data (Demo 5)\train\audio_model\extracted_audio\deceptive\trial_lie_055.wav,1,deceptive,5.0,10.0,32.0203125
trial_lie_055,d:\NSBM\3rd Year\Final Year Project\Product Development\Github\Mutimodal-Deception-Dectection\Demos\Real Life Trial Data (Demo 5)\train\audio_model\extracted_audio\deceptive\trial_lie_055.wav,1,deceptive,7.5,12.5,32.0203125
trial_lie_055,d:\NSBM\3rd Year\Final Year Project\Product Development\Github\Mutimodal-Deception-Dectection\Demos\Real Life Trial Data (Demo 5)\train\audio_model\extracted_audio\deceptive\trial_lie_055.wav,1,deceptive,10.0,15.0,32.0203125
trial_lie_055,d:\NSBM\3rd Year\Final Year Project\Product Development\Github\Mutimodal-Deception-Dectection\Demos\Real Life Trial Data (Demo 5)\train\audio_model\extracted_audio\deceptive\trial_lie_055.wav,1,deceptive,12.5,17.5,32.0203125
trial_lie_055,d:\NSBM\3rd Year\Final Year Project\Product Development\Github\Mutimodal-Deception-Dectection\Demos\Real Life Trial Data (Demo 5)\train\audio_model\extracted_audio\deceptive\trial_lie_055.wav,1,deceptive,15.0,20.0,32.0203125
trial_lie_055,d:\NSBM\3rd Year\Final Year Project\Product Development\Github\Mutimodal-Deception-Dectection\Demos\Real Life Trial Data (Demo 5)\train\audio_model\extracted_audio\deceptive\trial_lie_055.wav,1,deceptive,17.5,22.5,32.0203125
trial_lie_055,d:\NSBM\3rd Year\Final Year Project\Product Development\Github\Mutimodal-Deception-Dectection\Demos\Real Life Trial Data (Demo 5)\train\audio_model\extracted_audio\deceptive\trial_lie_055.wav,1,deceptive,20.0,25.0,32.0203125
trial_lie_055,d:\NSBM\3rd Year\Final Year Project\Product Development\Github\Mutimodal-Deception-Dectection\Demos\Real Life Trial Data (Demo 5)\train\audio_model\extracted_audio\deceptive\trial_lie_055.wav,1,deceptive,22.5,27.5,32.0203125
trial_lie_055,d:\NSBM\3rd Year\Final Year Project\Product Development\Github\Mutimodal-Deception-Dectection\Demos\Real Life Trial Data (Demo 5)\train\audio_model\extracted_audio\deceptive\trial_lie_055.wav,1,deceptive,25.0,30.0,32.0203125
trial_lie_056,d:\NSBM\3rd Year\Final Year Project\Product Development\Github\Mutimodal-Deception-Dectection\Demos\Real Life Trial Data (Demo 5)\train\audio_model\extracted_audio\deceptive\trial_lie_056.wav,1,deceptive,0.0,5.0,29.00175
trial_lie_056,d:\NSBM\3rd Year\Final Year Project\Product Development\Github\Mutimodal-Deception-Dectection\Demos\Real Life Trial Data (Demo 5)\train\audio_model\extracted_audio\deceptive\trial_lie_056.wav,1,deceptive,2.5,7.5,29.00175
trial_lie_056,d:\NSBM\3rd Year\Final Year Project\Product Development\Github\Mutimodal-Deception-Dectection\Demos\Real Life Trial Data (Demo 5)\train\audio_model\extracted_audio\deceptive\trial_lie_056.wav,1,deceptive,5.0,10.0,29.00175
trial_lie_056,d:\NSBM\3rd Year\Final Year Project\Product Development\Github\Mutimodal-Deception-Dectection\Demos\Real Life Trial Data (Demo 5)\train\audio_model\extracted_audio\deceptive\trial_lie_056.wav,1,deceptive,7.5,12.5,29.00175
trial_lie_056,d:\NSBM\3rd Year\Final Year Project\Product Development\Github\Mutimodal-Deception-Dectection\Demos\Real Life Trial Data (Demo 5)\train\audio_model\extracted_audio\deceptive\trial_lie_056.wav,1,deceptive,10.0,15.0,29.00175
trial_lie_056,d:\NSBM\3rd Year\Final Year Project\Product Development\Github\Mutimodal-Deception-Dectection\Demos\Real Life Trial Data (Demo 5)\train\audio_model\extracted_audio\deceptive\trial_lie_056.wav,1,deceptive,12.5,17.5,29.00175
trial_lie_056,d:\NSBM\3rd Year\Final Year Project\Product Development\Github\Mutimodal-Deception-Dectection\Demos\Real Life Trial Data (Demo 5)\train\audio_model\extracted_audio\deceptive\trial_lie_056.wav,1,deceptive,15.0,20.0,29.00175
trial_lie_056,d:\NSBM\3rd Year\Final Year Project\Product Development\Github\Mutimodal-Deception-Dectection\Demos\Real Life Trial Data (Demo 5)\train\audio_model\extracted_audio\deceptive\trial_lie_056.wav,1,deceptive,17.5,22.5,29.00175
trial_lie_056,d:\NSBM\3rd Year\Final Year Project\Product Development\Github\Mutimodal-Deception-Dectection\Demos\Real Life Trial Data (Demo 5)\train\audio_model\extracted_audio\deceptive\trial_lie_056.wav,1,deceptive,20.0,25.0,29.00175
trial_lie_056,d:\NSBM\3rd Year\Final Year Project\Product Development\Github\Mutimodal-Deception-Dectection\Demos\Real Life Trial Data (Demo 5)\train\audio_model\extracted_audio\deceptive\trial_lie_056.wav,1,deceptive,22.5,27.5,29.00175
trial_lie_057,d:\NSBM\3rd Year\Final Year Project\Product Development\Github\Mutimodal-Deception-Dectection\Demos\Real Life Trial Data (Demo 5)\train\audio_model\extracted_audio\deceptive\trial_lie_057.wav,1,deceptive,0.0,5.0,19.017125
trial_lie_057,d:\NSBM\3rd Year\Final Year Project\Product Development\Github\Mutimodal-Deception-Dectection\Demos\Real Life Trial Data (Demo 5)\train\audio_model\extracted_audio\deceptive\trial_lie_057.wav,1,deceptive,2.5,7.5,19.017125
trial_lie_057,d:\NSBM\3rd Year\Final Year Project\Product Development\Github\Mutimodal-Deception-Dectection\Demos\Real Life Trial Data (Demo 5)\train\audio_model\extracted_audio\deceptive\trial_lie_057.wav,1,deceptive,5.0,10.0,19.017125
trial_lie_057,d:\NSBM\3rd Year\Final Year Project\Product Development\Github\Mutimodal-Deception-Dectection\Demos\Real Life Trial Data (Demo 5)\train\audio_model\extracted_audio\deceptive\trial_lie_057.wav,1,deceptive,7.5,12.5,19.017125
trial_lie_057,d:\NSBM\3rd Year\Final Year Project\Product Development\Github\Mutimodal-Deception-Dectection\Demos\Real Life Trial Data (Demo 5)\train\audio_model\extracted_audio\deceptive\trial_lie_057.wav,1,deceptive,10.0,15.0,19.017125
trial_lie_057,d:\NSBM\3rd Year\Final Year Project\Product Development\Github\Mutimodal-Deception-Dectection\Demos\Real Life Trial Data (Demo 5)\train\audio_model\extracted_audio\deceptive\trial_lie_057.wav,1,deceptive,12.5,17.5,19.017125
trial_lie_058,d:\NSBM\3rd Year\Final Year Project\Product Development\Github\Mutimodal-Deception-Dectection\Demos\Real Life Trial Data (Demo 5)\train\audio_model\extracted_audio\deceptive\trial_lie_058.wav,1,deceptive,0.0,5.0,22.0125
trial_lie_058,d:\NSBM\3rd Year\Final Year Project\Product Development\Github\Mutimodal-Deception-Dectection\Demos\Real Life Trial Data (Demo 5)\train\audio_model\extracted_audio\deceptive\trial_lie_058.wav,1,deceptive,2.5,7.5,22.0125
trial_lie_058,d:\NSBM\3rd Year\Final Year Project\Product Development\Github\Mutimodal-Deception-Dectection\Demos\Real Life Trial Data (Demo 5)\train\audio_model\extracted_audio\deceptive\trial_lie_058.wav,1,deceptive,5.0,10.0,22.0125
trial_lie_058,d:\NSBM\3rd Year\Final Year Project\Product Development\Github\Mutimodal-Deception-Dectection\Demos\Real Life Trial Data (Demo 5)\train\audio_model\extracted_audio\deceptive\trial_lie_058.wav,1,deceptive,7.5,12.5,22.0125
trial_lie_058,d:\NSBM\3rd Year\Final Year Project\Product Development\Github\Mutimodal-Deception-Dectection\Demos\Real Life Trial Data (Demo 5)\train\audio_model\extracted_audio\deceptive\trial_lie_058.wav,1,deceptive,10.0,15.0,22.0125
trial_lie_058,d:\NSBM\3rd Year\Final Year Project\Product Development\Github\Mutimodal-Deception-Dectection\Demos\Real Life Trial Data (Demo 5)\train\audio_model\extracted_audio\deceptive\trial_lie_058.wav,1,deceptive,12.5,17.5,22.0125
trial_lie_058,d:\NSBM\3rd Year\Final Year Project\Product Development\Github\Mutimodal-Deception-Dectection\Demos\Real Life Trial Data (Demo 5)\train\audio_model\extracted_audio\deceptive\trial_lie_058.wav,1,deceptive,15.0,20.0,22.0125
trial_lie_059,d:\NSBM\3rd Year\Final Year Project\Product Development\Github\Mutimodal-Deception-Dectection\Demos\Real Life Trial Data (Demo 5)\train\audio_model\extracted_audio\deceptive\trial_lie_059.wav,1,deceptive,0.0,5.0,40.008
trial_lie_059,d:\NSBM\3rd Year\Final Year Project\Product Development\Github\Mutimodal-Deception-Dectection\Demos\Real Life Trial Data (Demo 5)\train\audio_model\extracted_audio\deceptive\trial_lie_059.wav,1,deceptive,2.5,7.5,40.008
trial_lie_059,d:\NSBM\3rd Year\Final Year Project\Product Development\Github\Mutimodal-Deception-Dectection\Demos\Real Life Trial Data (Demo 5)\train\audio_model\extracted_audio\deceptive\trial_lie_059.wav,1,deceptive,5.0,10.0,40.008
trial_lie_059,d:\NSBM\3rd Year\Final Year Project\Product Development\Github\Mutimodal-Deception-Dectection\Demos\Real Life Trial Data (Demo 5)\train\audio_model\extracted_audio\deceptive\trial_lie_059.wav,1,deceptive,7.5,12.5,40.008
trial_lie_059,d:\NSBM\3rd Year\Final Year Project\Product Development\Github\Mutimodal-Deception-Dectection\Demos\Real Life Trial Data (Demo 5)\train\audio_model\extracted_audio\deceptive\trial_lie_059.wav,1,deceptive,10.0,15.0,40.008
trial_lie_059,d:\NSBM\3rd Year\Final Year Project\Product Development\Github\Mutimodal-Deception-Dectection\Demos\Real Life Trial Data (Demo 5)\train\audio_model\extracted_audio\deceptive\trial_lie_059.wav,1,deceptive,12.5,17.5,40.008
trial_lie_059,d:\NSBM\3rd Year\Final Year Project\Product Development\Github\Mutimodal-Deception-Dectection\Demos\Real Life Trial Data (Demo 5)\train\audio_model\extracted_audio\deceptive\trial_lie_059.wav,1,deceptive,15.0,20.0,40.008
trial_lie_059,d:\NSBM\3rd Year\Final Year Project\Product Development\Github\Mutimodal-Deception-Dectection\Demos\Real Life Trial Data (Demo 5)\train\audio_model\extracted_audio\deceptive\trial_lie_059.wav,1,deceptive,17.5,22.5,40.008
trial_lie_059,d:\NSBM\3rd Year\Final Year Project\Product Development\Github\Mutimodal-Deception-Dectection\Demos\Real Life Trial Data (Demo 5)\train\audio_model\extracted_audio\deceptive\trial_lie_059.wav,1,deceptive,20.0,25.0,40.008
trial_lie_059,d:\NSBM\3rd Year\Final Year Project\Product Development\Github\Mutimodal-Deception-Dectection\Demos\Real Life Trial Data (Demo 5)\train\audio_model\extracted_audio\deceptive\trial_lie_059.wav,1,deceptive,22.5,27.5,40.008
trial_lie_059,d:\NSBM\3rd Year\Final Year Project\Product Development\Github\Mutimodal-Deception-Dectection\Demos\Real Life Trial Data (Demo 5)\train\audio_model\extracted_audio\deceptive\trial_lie_059.wav,1,deceptive,25.0,30.0,40.008
trial_lie_059,d:\NSBM\3rd Year\Final Year Project\Product Development\Github\Mutimodal-Deception-Dectection\Demos\Real Life Trial Data (Demo 5)\train\audio_model\extracted_audio\deceptive\trial_lie_059.wav,1,deceptive,27.5,32.5,40.008
trial_lie_059,d:\NSBM\3rd Year\Final Year Project\Product Development\Github\Mutimodal-Deception-Dectection\Demos\Real Life Trial Data (Demo 5)\train\audio_model\extracted_audio\deceptive\trial_lie_059.wav,1,deceptive,30.0,35.0,40.008
trial_lie_059,d:\NSBM\3rd Year\Final Year Project\Product Development\Github\Mutimodal-Deception-Dectection\Demos\Real Life Trial Data (Demo 5)\train\audio_model\extracted_audio\deceptive\trial_lie_059.wav,1,deceptive,32.5,37.5,40.008
trial_lie_059,d:\NSBM\3rd Year\Final Year Project\Product Development\Github\Mutimodal-Deception-Dectection\Demos\Real Life Trial Data (Demo 5)\train\audio_model\extracted_audio\deceptive\trial_lie_059.wav,1,deceptive,35.0,40.0,40.008
trial_lie_060,d:\NSBM\3rd Year\Final Year Project\Product Development\Github\Mutimodal-Deception-Dectection\Demos\Real Life Trial Data (Demo 5)\train\audio_model\extracted_audio\deceptive\trial_lie_060.wav,1,deceptive,0.0,5.0,25.007875
trial_lie_060,d:\NSBM\3rd Year\Final Year Project\Product Development\Github\Mutimodal-Deception-Dectection\Demos\Real Life Trial Data (Demo 5)\train\audio_model\extracted_audio\deceptive\trial_lie_060.wav,1,deceptive,2.5,7.5,25.007875
trial_lie_060,d:\NSBM\3rd Year\Final Year Project\Product Development\Github\Mutimodal-Deception-Dectection\Demos\Real Life Trial Data (Demo 5)\train\audio_model\extracted_audio\deceptive\trial_lie_060.wav,1,deceptive,5.0,10.0,25.007875
trial_lie_060,d:\NSBM\3rd Year\Final Year Project\Product Development\Github\Mutimodal-Deception-Dectection\Demos\Real Life Trial Data (Demo 5)\train\audio_model\extracted_audio\deceptive\trial_lie_060.wav,1,deceptive,7.5,12.5,25.007875
trial_lie_060,d:\NSBM\3rd Year\Final Year Project\Product Development\Github\Mutimodal-Deception-Dectection\Demos\Real Life Trial Data (Demo 5)\train\audio_model\extracted_audio\deceptive\trial_lie_060.wav,1,deceptive,10.0,15.0,25.007875
trial_lie_060,d:\NSBM\3rd Year\Final Year Project\Product Development\Github\Mutimodal-Deception-Dectection\Demos\Real Life Trial Data (Demo 5)\train\audio_model\extracted_audio\deceptive\trial_lie_060.wav,1,deceptive,12.5,17.5,25.007875
trial_lie_060,d:\NSBM\3rd Year\Final Year Project\Product Development\Github\Mutimodal-Deception-Dectection\Demos\Real Life Trial Data (Demo 5)\train\audio_model\extracted_audio\deceptive\trial_lie_060.wav,1,deceptive,15.0,20.0,25.007875
trial_lie_060,d:\NSBM\3rd Year\Final Year Project\Product Development\Github\Mutimodal-Deception-Dectection\Demos\Real Life Trial Data (Demo 5)\train\audio_model\extracted_audio\deceptive\trial_lie_060.wav,1,deceptive,17.5,22.5,25.007875
trial_lie_060,d:\NSBM\3rd Year\Final Year Project\Product Development\Github\Mutimodal-Deception-Dectection\Demos\Real Life Trial Data (Demo 5)\train\audio_model\extracted_audio\deceptive\trial_lie_060.wav,1,deceptive,20.0,25.0,25.007875
trial_lie_061,d:\NSBM\3rd Year\Final Year Project\Product Development\Github\Mutimodal-Deception-Dectection\Demos\Real Life Trial Data (Demo 5)\train\audio_model\extracted_audio\deceptive\trial_lie_061.wav,1,deceptive,0.0,5.0,29.00175
trial_lie_061,d:\NSBM\3rd Year\Final Year Project\Product Development\Github\Mutimodal-Deception-Dectection\Demos\Real Life Trial Data (Demo 5)\train\audio_model\extracted_audio\deceptive\trial_lie_061.wav,1,deceptive,2.5,7.5,29.00175
trial_lie_061,d:\NSBM\3rd Year\Final Year Project\Product Development\Github\Mutimodal-Deception-Dectection\Demos\Real Life Trial Data (Demo 5)\train\audio_model\extracted_audio\deceptive\trial_lie_061.wav,1,deceptive,5.0,10.0,29.00175
trial_lie_061,d:\NSBM\3rd Year\Final Year Project\Product Development\Github\Mutimodal-Deception-Dectection\Demos\Real Life Trial Data (Demo 5)\train\audio_model\extracted_audio\deceptive\trial_lie_061.wav,1,deceptive,7.5,12.5,29.00175
trial_lie_061,d:\NSBM\3rd Year\Final Year Project\Product Development\Github\Mutimodal-Deception-Dectection\Demos\Real Life Trial Data (Demo 5)\train\audio_model\extracted_audio\deceptive\trial_lie_061.wav,1,deceptive,10.0,15.0,29.00175
trial_lie_061,d:\NSBM\3rd Year\Final Year Project\Product Development\Github\Mutimodal-Deception-Dectection\Demos\Real Life Trial Data (Demo 5)\train\audio_model\extracted_audio\deceptive\trial_lie_061.wav,1,deceptive,12.5,17.5,29.00175
trial_lie_061,d:\NSBM\3rd Year\Final Year Project\Product Development\Github\Mutimodal-Deception-Dectection\Demos\Real Life Trial Data (Demo 5)\train\audio_model\extracted_audio\deceptive\trial_lie_061.wav,1,deceptive,15.0,20.0,29.00175
trial_lie_061,d:\NSBM\3rd Year\Final Year Project\Product Development\Github\Mutimodal-Deception-Dectection\Demos\Real Life Trial Data (Demo 5)\train\audio_model\extracted_audio\deceptive\trial_lie_061.wav,1,deceptive,17.5,22.5,29.00175
trial_lie_061,d:\NSBM\3rd Year\Final Year Project\Product Development\Github\Mutimodal-Deception-Dectection\Demos\Real Life Trial Data (Demo 5)\train\audio_model\extracted_audio\deceptive\trial_lie_061.wav,1,deceptive,20.0,25.0,29.00175
trial_lie_061,d:\NSBM\3rd Year\Final Year Project\Product Development\Github\Mutimodal-Deception-Dectection\Demos\Real Life Trial Data (Demo 5)\train\audio_model\extracted_audio\deceptive\trial_lie_061.wav,1,deceptive,22.5,27.5,29.00175
trial_truth_001,d:\NSBM\3rd Year\Final Year Project\Product Development\Github\Mutimodal-Deception-Dectection\Demos\Real Life Trial Data (Demo 5)\train\audio_model\extracted_audio\truthful\trial_truth_001.wav,0,truthful,0.0,5.0,13.7339375
trial_truth_001,d:\NSBM\3rd Year\Final Year Project\Product Development\Github\Mutimodal-Deception-Dectection\Demos\Real Life Trial Data (Demo 5)\train\audio_model\extracted_audio\truthful\trial_truth_001.wav,0,truthful,2.5,7.5,13.7339375
trial_truth_001,d:\NSBM\3rd Year\Final Year Project\Product Development\Github\Mutimodal-Deception-Dectection\Demos\Real Life Trial Data (Demo 5)\train\audio_model\extracted_audio\truthful\trial_truth_001.wav,0,truthful,5.0,10.0,13.7339375
trial_truth_001,d:\NSBM\3rd Year\Final Year Project\Product Development\Github\Mutimodal-Deception-Dectection\Demos\Real Life Trial Data (Demo 5)\train\audio_model\extracted_audio\truthful\trial_truth_001.wav,0,truthful,7.5,12.5,13.7339375
trial_truth_002,d:\NSBM\3rd Year\Final Year Project\Product Development\Github\Mutimodal-Deception-Dectection\Demos\Real Life Trial Data (Demo 5)\train\audio_model\extracted_audio\truthful\trial_truth_002.wav,0,truthful,0.0,5.0,19.812125
trial_truth_002,d:\NSBM\3rd Year\Final Year Project\Product Development\Github\Mutimodal-Deception-Dectection\Demos\Real Life Trial Data (Demo 5)\train\audio_model\extracted_audio\truthful\trial_truth_002.wav,0,truthful,2.5,7.5,19.812125
trial_truth_002,d:\NSBM\3rd Year\Final Year Project\Product Development\Github\Mutimodal-Deception-Dectection\Demos\Real Life Trial Data (Demo 5)\train\audio_model\extracted_audio\truthful\trial_truth_002.wav,0,truthful,5.0,10.0,19.812125
trial_truth_002,d:\NSBM\3rd Year\Final Year Project\Product Development\Github\Mutimodal-Deception-Dectection\Demos\Real Life Trial Data (Demo 5)\train\audio_model\extracted_audio\truthful\trial_truth_002.wav,0,truthful,7.5,12.5,19.812125
trial_truth_002,d:\NSBM\3rd Year\Final Year Project\Product Development\Github\Mutimodal-Deception-Dectection\Demos\Real Life Trial Data (Demo 5)\train\audio_model\extracted_audio\truthful\trial_truth_002.wav,0,truthful,10.0,15.0,19.812125
trial_truth_002,d:\NSBM\3rd Year\Final Year Project\Product Development\Github\Mutimodal-Deception-Dectection\Demos\Real Life Trial Data (Demo 5)\train\audio_model\extracted_audio\truthful\trial_truth_002.wav,0,truthful,12.5,17.5,19.812125
trial_truth_003,d:\NSBM\3rd Year\Final Year Project\Product Development\Github\Mutimodal-Deception-Dectection\Demos\Real Life Trial Data (Demo 5)\train\audio_model\extracted_audio\truthful\trial_truth_003.wav,0,truthful,0.0,5.0,12.736
trial_truth_003,d:\NSBM\3rd Year\Final Year Project\Product Development\Github\Mutimodal-Deception-Dectection\Demos\Real Life Trial Data (Demo 5)\train\audio_model\extracted_audio\truthful\trial_truth_003.wav,0,truthful,2.5,7.5,12.736
trial_truth_003,d:\NSBM\3rd Year\Final Year Project\Product Development\Github\Mutimodal-Deception-Dectection\Demos\Real Life Trial Data (Demo 5)\train\audio_model\extracted_audio\truthful\trial_truth_003.wav,0,truthful,5.0,10.0,12.736
trial_truth_003,d:\NSBM\3rd Year\Final Year Project\Product Development\Github\Mutimodal-Deception-Dectection\Demos\Real Life Trial Data (Demo 5)\train\audio_model\extracted_audio\truthful\trial_truth_003.wav,0,truthful,7.5,12.5,12.736
trial_truth_004,d:\NSBM\3rd Year\Final Year Project\Product Development\Github\Mutimodal-Deception-Dectection\Demos\Real Life Trial Data (Demo 5)\train\audio_model\extracted_audio\truthful\trial_truth_004.wav,0,truthful,0.0,5.0,81.4506875
trial_truth_004,d:\NSBM\3rd Year\Final Year Project\Product Development\Github\Mutimodal-Deception-Dectection\Demos\Real Life Trial Data (Demo 5)\train\audio_model\extracted_audio\truthful\trial_truth_004.wav,0,truthful,2.5,7.5,81.4506875
trial_truth_004,d:\NSBM\3rd Year\Final Year Project\Product Development\Github\Mutimodal-Deception-Dectection\Demos\Real Life Trial Data (Demo 5)\train\audio_model\extracted_audio\truthful\trial_truth_004.wav,0,truthful,5.0,10.0,81.4506875
trial_truth_004,d:\NSBM\3rd Year\Final Year Project\Product Development\Github\Mutimodal-Deception-Dectection\Demos\Real Life Trial Data (Demo 5)\train\audio_model\extracted_audio\truthful\trial_truth_004.wav,0,truthful,7.5,12.5,81.4506875
trial_truth_004,d:\NSBM\3rd Year\Final Year Project\Product Development\Github\Mutimodal-Deception-Dectection\Demos\Real Life Trial Data (Demo 5)\train\audio_model\extracted_audio\truthful\trial_truth_004.wav,0,truthful,10.0,15.0,81.4506875
trial_truth_004,d:\NSBM\3rd Year\Final Year Project\Product Development\Github\Mutimodal-Deception-Dectection\Demos\Real Life Trial Data (Demo 5)\train\audio_model\extracted_audio\truthful\trial_truth_004.wav,0,truthful,12.5,17.5,81.4506875
trial_truth_004,d:\NSBM\3rd Year\Final Year Project\Product Development\Github\Mutimodal-Deception-Dectection\Demos\Real Life Trial Data (Demo 5)\train\audio_model\extracted_audio\truthful\trial_truth_004.wav,0,truthful,15.0,20.0,81.4506875
trial_truth_004,d:\NSBM\3rd Year\Final Year Project\Product Development\Github\Mutimodal-Deception-Dectection\Demos\Real Life Trial Data (Demo 5)\train\audio_model\extracted_audio\truthful\trial_truth_004.wav,0,truthful,17.5,22.5,81.4506875
trial_truth_004,d:\NSBM\3rd Year\Final Year Project\Product Development\Github\Mutimodal-Deception-Dectection\Demos\Real Life Trial Data (Demo 5)\train\audio_model\extracted_audio\truthful\trial_truth_004.wav,0,truthful,20.0,25.0,81.4506875
trial_truth_004,d:\NSBM\3rd Year\Final Year Project\Product Development\Github\Mutimodal-Deception-Dectection\Demos\Real Life Trial Data (Demo 5)\train\audio_model\extracted_audio\truthful\trial_truth_004.wav,0,truthful,22.5,27.5,81.4506875
trial_truth_004,d:\NSBM\3rd Year\Final Year Project\Product Development\Github\Mutimodal-Deception-Dectection\Demos\Real Life Trial Data (Demo 5)\train\audio_model\extracted_audio\truthful\trial_truth_004.wav,0,truthful,25.0,30.0,81.4506875
trial_truth_004,d:\NSBM\3rd Year\Final Year Project\Product Development\Github\Mutimodal-Deception-Dectection\Demos\Real Life Trial Data (Demo 5)\train\audio_model\extracted_audio\truthful\trial_truth_004.wav,0,truthful,27.5,32.5,81.4506875
trial_truth_004,d:\NSBM\3rd Year\Final Year Project\Product Development\Github\Mutimodal-Deception-Dectection\Demos\Real Life Trial Data (Demo 5)\train\audio_model\extracted_audio\truthful\trial_truth_004.wav,0,truthful,30.0,35.0,81.4506875
trial_truth_004,d:\NSBM\3rd Year\Final Year Project\Product Development\Github\Mutimodal-Deception-Dectection\Demos\Real Life Trial Data (Demo 5)\train\audio_model\extracted_audio\truthful\trial_truth_004.wav,0,truthful,32.5,37.5,81.4506875
trial_truth_004,d:\NSBM\3rd Year\Final Year Project\Product Development\Github\Mutimodal-Deception-Dectection\Demos\Real Life Trial Data (Demo 5)\train\audio_model\extracted_audio\truthful\trial_truth_004.wav,0,truthful,35.0,40.0,81.4506875
trial_truth_004,d:\NSBM\3rd Year\Final Year Project\Product Development\Github\Mutimodal-Deception-Dectection\Demos\Real Life Trial Data (Demo 5)\train\audio_model\extracted_audio\truthful\trial_truth_004.wav,0,truthful,37.5,42.5,81.4506875
trial_truth_004,d:\NSBM\3rd Year\Final Year Project\Product Development\Github\Mutimodal-Deception-Dectection\Demos\Real Life Trial Data (Demo 5)\train\audio_model\extracted_audio\truthful\trial_truth_004.wav,0,truthful,40.0,45.0,81.4506875
trial_truth_004,d:\NSBM\3rd Year\Final Year Project\Product Development\Github\Mutimodal-Deception-Dectection\Demos\Real Life Trial Data (Demo 5)\train\audio_model\extracted_audio\truthful\trial_truth_004.wav,0,truthful,42.5,47.5,81.4506875
trial_truth_004,d:\NSBM\3rd Year\Final Year Project\Product Development\Github\Mutimodal-Deception-Dectection\Demos\Real Life Trial Data (Demo 5)\train\audio_model\extracted_audio\truthful\trial_truth_004.wav,0,truthful,45.0,50.0,81.4506875
trial_truth_004,d:\NSBM\3rd Year\Final Year Project\Product Development\Github\Mutimodal-Deception-Dectection\Demos\Real Life Trial Data (Demo 5)\train\audio_model\extracted_audio\truthful\trial_truth_004.wav,0,truthful,47.5,52.5,81.4506875
trial_truth_004,d:\NSBM\3rd Year\Final Year Project\Product Development\Github\Mutimodal-Deception-Dectection\Demos\Real Life Trial Data (Demo 5)\train\audio_model\extracted_audio\truthful\trial_truth_004.wav,0,truthful,50.0,55.0,81.4506875
trial_truth_004,d:\NSBM\3rd Year\Final Year Project\Product Development\Github\Mutimodal-Deception-Dectection\Demos\Real Life Trial Data (Demo 5)\train\audio_model\extracted_audio\truthful\trial_truth_004.wav,0,truthful,52.5,57.5,81.4506875
trial_truth_004,d:\NSBM\3rd Year\Final Year Project\Product Development\Github\Mutimodal-Deception-Dectection\Demos\Real Life Trial Data (Demo 5)\train\audio_model\extracted_audio\truthful\trial_truth_004.wav,0,truthful,55.0,60.0,81.4506875
trial_truth_004,d:\NSBM\3rd Year\Final Year Project\Product Development\Github\Mutimodal-Deception-Dectection\Demos\Real Life Trial Data (Demo 5)\train\audio_model\extracted_audio\truthful\trial_truth_004.wav,0,truthful,57.5,62.5,81.4506875
trial_truth_004,d:\NSBM\3rd Year\Final Year Project\Product Development\Github\Mutimodal-Deception-Dectection\Demos\Real Life Trial Data (Demo 5)\train\audio_model\extracted_audio\truthful\trial_truth_004.wav,0,truthful,60.0,65.0,81.4506875
trial_truth_004,d:\NSBM\3rd Year\Final Year Project\Product Development\Github\Mutimodal-Deception-Dectection\Demos\Real Life Trial Data (Demo 5)\train\audio_model\extracted_audio\truthful\trial_truth_004.wav,0,truthful,62.5,67.5,81.4506875
trial_truth_004,d:\NSBM\3rd Year\Final Year Project\Product Development\Github\Mutimodal-Deception-Dectection\Demos\Real Life Trial Data (Demo 5)\train\audio_model\extracted_audio\truthful\trial_truth_004.wav,0,truthful,65.0,70.0,81.4506875
trial_truth_004,d:\NSBM\3rd Year\Final Year Project\Product Development\Github\Mutimodal-Deception-Dectection\Demos\Real Life Trial Data (Demo 5)\train\audio_model\extracted_audio\truthful\trial_truth_004.wav,0,truthful,67.5,72.5,81.4506875
trial_truth_004,d:\NSBM\3rd Year\Final Year Project\Product Development\Github\Mutimodal-Deception-Dectection\Demos\Real Life Trial Data (Demo 5)\train\audio_model\extracted_audio\truthful\trial_truth_004.wav,0,truthful,70.0,75.0,81.4506875
trial_truth_004,d:\NSBM\3rd Year\Final Year Project\Product Development\Github\Mutimodal-Deception-Dectection\Demos\Real Life Trial Data (Demo 5)\train\audio_model\extracted_audio\truthful\trial_truth_004.wav,0,truthful,72.5,77.5,81.4506875
trial_truth_004,d:\NSBM\3rd Year\Final Year Project\Product Development\Github\Mutimodal-Deception-Dectection\Demos\Real Life Trial Data (Demo 5)\train\audio_model\extracted_audio\truthful\trial_truth_004.wav,0,truthful,75.0,80.0,81.4506875
trial_truth_005,d:\NSBM\3rd Year\Final Year Project\Product Development\Github\Mutimodal-Deception-Dectection\Demos\Real Life Trial Data (Demo 5)\train\audio_model\extracted_audio\truthful\trial_truth_005.wav,0,truthful,0.0,5.0,34.752
trial_truth_005,d:\NSBM\3rd Year\Final Year Project\Product Development\Github\Mutimodal-Deception-Dectection\Demos\Real Life Trial Data (Demo 5)\train\audio_model\extracted_audio\truthful\trial_truth_005.wav,0,truthful,2.5,7.5,34.752
trial_truth_005,d:\NSBM\3rd Year\Final Year Project\Product Development\Github\Mutimodal-Deception-Dectection\Demos\Real Life Trial Data (Demo 5)\train\audio_model\extracted_audio\truthful\trial_truth_005.wav,0,truthful,5.0,10.0,34.752
trial_truth_005,d:\NSBM\3rd Year\Final Year Project\Product Development\Github\Mutimodal-Deception-Dectection\Demos\Real Life Trial Data (Demo 5)\train\audio_model\extracted_audio\truthful\trial_truth_005.wav,0,truthful,7.5,12.5,34.752
trial_truth_005,d:\NSBM\3rd Year\Final Year Project\Product Development\Github\Mutimodal-Deception-Dectection\Demos\Real Life Trial Data (Demo 5)\train\audio_model\extracted_audio\truthful\trial_truth_005.wav,0,truthful,10.0,15.0,34.752
trial_truth_005,d:\NSBM\3rd Year\Final Year Project\Product Development\Github\Mutimodal-Deception-Dectection\Demos\Real Life Trial Data (Demo 5)\train\audio_model\extracted_audio\truthful\trial_truth_005.wav,0,truthful,12.5,17.5,34.752
trial_truth_005,d:\NSBM\3rd Year\Final Year Project\Product Development\Github\Mutimodal-Deception-Dectection\Demos\Real Life Trial Data (Demo 5)\train\audio_model\extracted_audio\truthful\trial_truth_005.wav,0,truthful,15.0,20.0,34.752
trial_truth_005,d:\NSBM\3rd Year\Final Year Project\Product Development\Github\Mutimodal-Deception-Dectection\Demos\Real Life Trial Data (Demo 5)\train\audio_model\extracted_audio\truthful\trial_truth_005.wav,0,truthful,17.5,22.5,34.752
trial_truth_005,d:\NSBM\3rd Year\Final Year Project\Product Development\Github\Mutimodal-Deception-Dectection\Demos\Real Life Trial Data (Demo 5)\train\audio_model\extracted_audio\truthful\trial_truth_005.wav,0,truthful,20.0,25.0,34.752
trial_truth_005,d:\NSBM\3rd Year\Final Year Project\Product Development\Github\Mutimodal-Deception-Dectection\Demos\Real Life Trial Data (Demo 5)\train\audio_model\extracted_audio\truthful\trial_truth_005.wav,0,truthful,22.5,27.5,34.752
trial_truth_005,d:\NSBM\3rd Year\Final Year Project\Product Development\Github\Mutimodal-Deception-Dectection\Demos\Real Life Trial Data (Demo 5)\train\audio_model\extracted_audio\truthful\trial_truth_005.wav,0,truthful,25.0,30.0,34.752
trial_truth_005,d:\NSBM\3rd Year\Final Year Project\Product Development\Github\Mutimodal-Deception-Dectection\Demos\Real Life Trial Data (Demo 5)\train\audio_model\extracted_audio\truthful\trial_truth_005.wav,0,truthful,27.5,32.5,34.752
trial_truth_006,d:\NSBM\3rd Year\Final Year Project\Product Development\Github\Mutimodal-Deception-Dectection\Demos\Real Life Trial Data (Demo 5)\train\audio_model\extracted_audio\truthful\trial_truth_006.wav,0,truthful,0.0,5.0,30.592
trial_truth_006,d:\NSBM\3rd Year\Final Year Project\Product Development\Github\Mutimodal-Deception-Dectection\Demos\Real Life Trial Data (Demo 5)\train\audio_model\extracted_audio\truthful\trial_truth_006.wav,0,truthful,2.5,7.5,30.592
trial_truth_006,d:\NSBM\3rd Year\Final Year Project\Product Development\Github\Mutimodal-Deception-Dectection\Demos\Real Life Trial Data (Demo 5)\train\audio_model\extracted_audio\truthful\trial_truth_006.wav,0,truthful,5.0,10.0,30.592
trial_truth_006,d:\NSBM\3rd Year\Final Year Project\Product Development\Github\Mutimodal-Deception-Dectection\Demos\Real Life Trial Data (Demo 5)\train\audio_model\extracted_audio\truthful\trial_truth_006.wav,0,truthful,7.5,12.5,30.592
trial_truth_006,d:\NSBM\3rd Year\Final Year Project\Product Development\Github\Mutimodal-Deception-Dectection\Demos\Real Life Trial Data (Demo 5)\train\audio_model\extracted_audio\truthful\trial_truth_006.wav,0,truthful,10.0,15.0,30.592
trial_truth_006,d:\NSBM\3rd Year\Final Year Project\Product Development\Github\Mutimodal-Deception-Dectection\Demos\Real Life Trial Data (Demo 5)\train\audio_model\extracted_audio\truthful\trial_truth_006.wav,0,truthful,12.5,17.5,30.592
trial_truth_006,d:\NSBM\3rd Year\Final Year Project\Product Development\Github\Mutimodal-Deception-Dectection\Demos\Real Life Trial Data (Demo 5)\train\audio_model\extracted_audio\truthful\trial_truth_006.wav,0,truthful,15.0,20.0,30.592
trial_truth_006,d:\NSBM\3rd Year\Final Year Project\Product Development\Github\Mutimodal-Deception-Dectection\Demos\Real Life Trial Data (Demo 5)\train\audio_model\extracted_audio\truthful\trial_truth_006.wav,0,truthful,17.5,22.5,30.592
trial_truth_006,d:\NSBM\3rd Year\Final Year Project\Product Development\Github\Mutimodal-Deception-Dectection\Demos\Real Life Trial Data (Demo 5)\train\audio_model\extracted_audio\truthful\trial_truth_006.wav,0,truthful,20.0,25.0,30.592
trial_truth_006,d:\NSBM\3rd Year\Final Year Project\Product Development\Github\Mutimodal-Deception-Dectection\Demos\Real Life Trial Data (Demo 5)\train\audio_model\extracted_audio\truthful\trial_truth_006.wav,0,truthful,22.5,27.5,30.592
trial_truth_006,d:\NSBM\3rd Year\Final Year Project\Product Development\Github\Mutimodal-Deception-Dectection\Demos\Real Life Trial Data (Demo 5)\train\audio_model\extracted_audio\truthful\trial_truth_006.wav,0,truthful,25.0,30.0,30.592
trial_truth_007,d:\NSBM\3rd Year\Final Year Project\Product Development\Github\Mutimodal-Deception-Dectection\Demos\Real Life Trial Data (Demo 5)\train\audio_model\extracted_audio\truthful\trial_truth_007.wav,0,truthful,0.0,5.0,71.5733125
trial_truth_007,d:\NSBM\3rd Year\Final Year Project\Product Development\Github\Mutimodal-Deception-Dectection\Demos\Real Life Trial Data (Demo 5)\train\audio_model\extracted_audio\truthful\trial_truth_007.wav,0,truthful,2.5,7.5,71.5733125
trial_truth_007,d:\NSBM\3rd Year\Final Year Project\Product Development\Github\Mutimodal-Deception-Dectection\Demos\Real Life Trial Data (Demo 5)\train\audio_model\extracted_audio\truthful\trial_truth_007.wav,0,truthful,5.0,10.0,71.5733125
trial_truth_007,d:\NSBM\3rd Year\Final Year Project\Product Development\Github\Mutimodal-Deception-Dectection\Demos\Real Life Trial Data (Demo 5)\train\audio_model\extracted_audio\truthful\trial_truth_007.wav,0,truthful,7.5,12.5,71.5733125
trial_truth_007,d:\NSBM\3rd Year\Final Year Project\Product Development\Github\Mutimodal-Deception-Dectection\Demos\Real Life Trial Data (Demo 5)\train\audio_model\extracted_audio\truthful\trial_truth_007.wav,0,truthful,10.0,15.0,71.5733125
trial_truth_007,d:\NSBM\3rd Year\Final Year Project\Product Development\Github\Mutimodal-Deception-Dectection\Demos\Real Life Trial Data (Demo 5)\train\audio_model\extracted_audio\truthful\trial_truth_007.wav,0,truthful,12.5,17.5,71.5733125
trial_truth_007,d:\NSBM\3rd Year\Final Year Project\Product Development\Github\Mutimodal-Deception-Dectection\Demos\Real Life Trial Data (Demo 5)\train\audio_model\extracted_audio\truthful\trial_truth_007.wav,0,truthful,15.0,20.0,71.5733125
trial_truth_007,d:\NSBM\3rd Year\Final Year Project\Product Development\Github\Mutimodal-Deception-Dectection\Demos\Real Life Trial Data (Demo 5)\train\audio_model\extracted_audio\truthful\trial_truth_007.wav,0,truthful,17.5,22.5,71.5733125
trial_truth_007,d:\NSBM\3rd Year\Final Year Project\Product Development\Github\Mutimodal-Deception-Dectection\Demos\Real Life Trial Data (Demo 5)\train\audio_model\extracted_audio\truthful\trial_truth_007.wav,0,truthful,20.0,25.0,71.5733125
trial_truth_007,d:\NSBM\3rd Year\Final Year Project\Product Development\Github\Mutimodal-Deception-Dectection\Demos\Real Life Trial Data (Demo 5)\train\audio_model\extracted_audio\truthful\trial_truth_007.wav,0,truthful,22.5,27.5,71.5733125
trial_truth_007,d:\NSBM\3rd Year\Final Year Project\Product Development\Github\Mutimodal-Deception-Dectection\Demos\Real Life Trial Data (Demo 5)\train\audio_model\extracted_audio\truthful\trial_truth_007.wav,0,truthful,25.0,30.0,71.5733125
trial_truth_007,d:\NSBM\3rd Year\Final Year Project\Product Development\Github\Mutimodal-Deception-Dectection\Demos\Real Life Trial Data (Demo 5)\train\audio_model\extracted_audio\truthful\trial_truth_007.wav,0,truthful,27.5,32.5,71.5733125
trial_truth_007,d:\NSBM\3rd Year\Final Year Project\Product Development\Github\Mutimodal-Deception-Dectection\Demos\Real Life Trial Data (Demo 5)\train\audio_model\extracted_audio\truthful\trial_truth_007.wav,0,truthful,30.0,35.0,71.5733125
trial_truth_007,d:\NSBM\3rd Year\Final Year Project\Product Development\Github\Mutimodal-Deception-Dectection\Demos\Real Life Trial Data (Demo 5)\train\audio_model\extracted_audio\truthful\trial_truth_007.wav,0,truthful,32.5,37.5,71.5733125
trial_truth_007,d:\NSBM\3rd Year\Final Year Project\Product Development\Github\Mutimodal-Deception-Dectection\Demos\Real Life Trial Data (Demo 5)\train\audio_model\extracted_audio\truthful\trial_truth_007.wav,0,truthful,35.0,40.0,71.5733125
trial_truth_007,d:\NSBM\3rd Year\Final Year Project\Product Development\Github\Mutimodal-Deception-Dectection\Demos\Real Life Trial Data (Demo 5)\train\audio_model\extracted_audio\truthful\trial_truth_007.wav,0,truthful,37.5,42.5,71.5733125
trial_truth_007,d:\NSBM\3rd Year\Final Year Project\Product Development\Github\Mutimodal-Deception-Dectection\Demos\Real Life Trial Data (Demo 5)\train\audio_model\extracted_audio\truthful\trial_truth_007.wav,0,truthful,40.0,45.0,71.5733125
trial_truth_007,d:\NSBM\3rd Year\Final Year Project\Product Development\Github\Mutimodal-Deception-Dectection\Demos\Real Life Trial Data (Demo 5)\train\audio_model\extracted_audio\truthful\trial_truth_007.wav,0,truthful,42.5,47.5,71.5733125
trial_truth_007,d:\NSBM\3rd Year\Final Year Project\Product Development\Github\Mutimodal-Deception-Dectection\Demos\Real Life Trial Data (Demo 5)\train\audio_model\extracted_audio\truthful\trial_truth_007.wav,0,truthful,45.0,50.0,71.5733125
trial_truth_007,d:\NSBM\3rd Year\Final Year Project\Product Development\Github\Mutimodal-Deception-Dectection\Demos\Real Life Trial Data (Demo 5)\train\audio_model\extracted_audio\truthful\trial_truth_007.wav,0,truthful,47.5,52.5,71.5733125
trial_truth_007,d:\NSBM\3rd Year\Final Year Project\Product Development\Github\Mutimodal-Deception-Dectection\Demos\Real Life Trial Data (Demo 5)\train\audio_model\extracted_audio\truthful\trial_truth_007.wav,0,truthful,50.0,55.0,71.5733125
trial_truth_007,d:\NSBM\3rd Year\Final Year Project\Product Development\Github\Mutimodal-Deception-Dectection\Demos\Real Life Trial Data (Demo 5)\train\audio_model\extracted_audio\truthful\trial_truth_007.wav,0,truthful,52.5,57.5,71.5733125
trial_truth_007,d:\NSBM\3rd Year\Final Year Project\Product Development\Github\Mutimodal-Deception-Dectection\Demos\Real Life Trial Data (Demo 5)\train\audio_model\extracted_audio\truthful\trial_truth_007.wav,0,truthful,55.0,60.0,71.5733125
trial_truth_007,d:\NSBM\3rd Year\Final Year Project\Product Development\Github\Mutimodal-Deception-Dectection\Demos\Real Life Trial Data (Demo 5)\train\audio_model\extracted_audio\truthful\trial_truth_007.wav,0,truthful,57.5,62.5,71.5733125
trial_truth_007,d:\NSBM\3rd Year\Final Year Project\Product Development\Github\Mutimodal-Deception-Dectection\Demos\Real Life Trial Data (Demo 5)\train\audio_model\extracted_audio\truthful\trial_truth_007.wav,0,truthful,60.0,65.0,71.5733125
trial_truth_007,d:\NSBM\3rd Year\Final Year Project\Product Development\Github\Mutimodal-Deception-Dectection\Demos\Real Life Trial Data (Demo 5)\train\audio_model\extracted_audio\truthful\trial_truth_007.wav,0,truthful,62.5,67.5,71.5733125
trial_truth_007,d:\NSBM\3rd Year\Final Year Project\Product Development\Github\Mutimodal-Deception-Dectection\Demos\Real Life Trial Data (Demo 5)\train\audio_model\extracted_audio\truthful\trial_truth_007.wav,0,truthful,65.0,70.0,71.5733125
trial_truth_008,d:\NSBM\3rd Year\Final Year Project\Product Development\Github\Mutimodal-Deception-Dectection\Demos\Real Life Trial Data (Demo 5)\train\audio_model\extracted_audio\truthful\trial_truth_008.wav,0,truthful,0.0,5.0,44.368625
trial_truth_008,d:\NSBM\3rd Year\Final Year Project\Product Development\Github\Mutimodal-Deception-Dectection\Demos\Real Life Trial Data (Demo 5)\train\audio_model\extracted_audio\truthful\trial_truth_008.wav,0,truthful,2.5,7.5,44.368625
trial_truth_008,d:\NSBM\3rd Year\Final Year Project\Product Development\Github\Mutimodal-Deception-Dectection\Demos\Real Life Trial Data (Demo 5)\train\audio_model\extracted_audio\truthful\trial_truth_008.wav,0,truthful,5.0,10.0,44.368625
trial_truth_008,d:\NSBM\3rd Year\Final Year Project\Product Development\Github\Mutimodal-Deception-Dectection\Demos\Real Life Trial Data (Demo 5)\train\audio_model\extracted_audio\truthful\trial_truth_008.wav,0,truthful,7.5,12.5,44.368625
trial_truth_008,d:\NSBM\3rd Year\Final Year Project\Product Development\Github\Mutimodal-Deception-Dectection\Demos\Real Life Trial Data (Demo 5)\train\audio_model\extracted_audio\truthful\trial_truth_008.wav,0,truthful,10.0,15.0,44.368625
trial_truth_008,d:\NSBM\3rd Year\Final Year Project\Product Development\Github\Mutimodal-Deception-Dectection\Demos\Real Life Trial Data (Demo 5)\train\audio_model\extracted_audio\truthful\trial_truth_008.wav,0,truthful,12.5,17.5,44.368625
trial_truth_008,d:\NSBM\3rd Year\Final Year Project\Product Development\Github\Mutimodal-Deception-Dectection\Demos\Real Life Trial Data (Demo 5)\train\audio_model\extracted_audio\truthful\trial_truth_008.wav,0,truthful,15.0,20.0,44.368625
trial_truth_008,d:\NSBM\3rd Year\Final Year Project\Product Development\Github\Mutimodal-Deception-Dectection\Demos\Real Life Trial Data (Demo 5)\train\audio_model\extracted_audio\truthful\trial_truth_008.wav,0,truthful,17.5,22.5,44.368625
trial_truth_008,d:\NSBM\3rd Year\Final Year Project\Product Development\Github\Mutimodal-Deception-Dectection\Demos\Real Life Trial Data (Demo 5)\train\audio_model\extracted_audio\truthful\trial_truth_008.wav,0,truthful,20.0,25.0,44.368625
trial_truth_008,d:\NSBM\3rd Year\Final Year Project\Product Development\Github\Mutimodal-Deception-Dectection\Demos\Real Life Trial Data (Demo 5)\train\audio_model\extracted_audio\truthful\trial_truth_008.wav,0,truthful,22.5,27.5,44.368625
trial_truth_008,d:\NSBM\3rd Year\Final Year Project\Product Development\Github\Mutimodal-Deception-Dectection\Demos\Real Life Trial Data (Demo 5)\train\audio_model\extracted_audio\truthful\trial_truth_008.wav,0,truthful,25.0,30.0,44.368625
trial_truth_008,d:\NSBM\3rd Year\Final Year Project\Product Development\Github\Mutimodal-Deception-Dectection\Demos\Real Life Trial Data (Demo 5)\train\audio_model\extracted_audio\truthful\trial_truth_008.wav,0,truthful,27.5,32.5,44.368625
trial_truth_008,d:\NSBM\3rd Year\Final Year Project\Product Development\Github\Mutimodal-Deception-Dectection\Demos\Real Life Trial Data (Demo 5)\train\audio_model\extracted_audio\truthful\trial_truth_008.wav,0,truthful,30.0,35.0,44.368625
trial_truth_008,d:\NSBM\3rd Year\Final Year Project\Product Development\Github\Mutimodal-Deception-Dectection\Demos\Real Life Trial Data (Demo 5)\train\audio_model\extracted_audio\truthful\trial_truth_008.wav,0,truthful,32.5,37.5,44.368625
trial_truth_008,d:\NSBM\3rd Year\Final Year Project\Product Development\Github\Mutimodal-Deception-Dectection\Demos\Real Life Trial Data (Demo 5)\train\audio_model\extracted_audio\truthful\trial_truth_008.wav,0,truthful,35.0,40.0,44.368625
trial_truth_008,d:\NSBM\3rd Year\Final Year Project\Product Development\Github\Mutimodal-Deception-Dectection\Demos\Real Life Trial Data (Demo 5)\train\audio_model\extracted_audio\truthful\trial_truth_008.wav,0,truthful,37.5,42.5,44.368625
trial_truth_009,d:\NSBM\3rd Year\Final Year Project\Product Development\Github\Mutimodal-Deception-Dectection\Demos\Real Life Trial Data (Demo 5)\train\audio_model\extracted_audio\truthful\trial_truth_009.wav,0,truthful,0.0,5.0,22.5738125
trial_truth_009,d:\NSBM\3rd Year\Final Year Project\Product Development\Github\Mutimodal-Deception-Dectection\Demos\Real Life Trial Data (Demo 5)\train\audio_model\extracted_audio\truthful\trial_truth_009.wav,0,truthful,2.5,7.5,22.5738125
trial_truth_009,d:\NSBM\3rd Year\Final Year Project\Product Development\Github\Mutimodal-Deception-Dectection\Demos\Real Life Trial Data (Demo 5)\train\audio_model\extracted_audio\truthful\trial_truth_009.wav,0,truthful,5.0,10.0,22.5738125
trial_truth_009,d:\NSBM\3rd Year\Final Year Project\Product Development\Github\Mutimodal-Deception-Dectection\Demos\Real Life Trial Data (Demo 5)\train\audio_model\extracted_audio\truthful\trial_truth_009.wav,0,truthful,7.5,12.5,22.5738125
trial_truth_009,d:\NSBM\3rd Year\Final Year Project\Product Development\Github\Mutimodal-Deception-Dectection\Demos\Real Life Trial Data (Demo 5)\train\audio_model\extracted_audio\truthful\trial_truth_009.wav,0,truthful,10.0,15.0,22.5738125
trial_truth_009,d:\NSBM\3rd Year\Final Year Project\Product Development\Github\Mutimodal-Deception-Dectection\Demos\Real Life Trial Data (Demo 5)\train\audio_model\extracted_audio\truthful\trial_truth_009.wav,0,truthful,12.5,17.5,22.5738125
trial_truth_009,d:\NSBM\3rd Year\Final Year Project\Product Development\Github\Mutimodal-Deception-Dectection\Demos\Real Life Trial Data (Demo 5)\train\audio_model\extracted_audio\truthful\trial_truth_009.wav,0,truthful,15.0,20.0,22.5738125
trial_truth_009,d:\NSBM\3rd Year\Final Year Project\Product Development\Github\Mutimodal-Deception-Dectection\Demos\Real Life Trial Data (Demo 5)\train\audio_model\extracted_audio\truthful\trial_truth_009.wav,0,truthful,17.5,22.5,22.5738125
trial_truth_010,d:\NSBM\3rd Year\Final Year Project\Product Development\Github\Mutimodal-Deception-Dectection\Demos\Real Life Trial Data (Demo 5)\train\audio_model\extracted_audio\truthful\trial_truth_010.wav,0,truthful,0.0,5.0,72.141875
trial_truth_010,d:\NSBM\3rd Year\Final Year Project\Product Development\Github\Mutimodal-Deception-Dectection\Demos\Real Life Trial Data (Demo 5)\train\audio_model\extracted_audio\truthful\trial_truth_010.wav,0,truthful,2.5,7.5,72.141875
trial_truth_010,d:\NSBM\3rd Year\Final Year Project\Product Development\Github\Mutimodal-Deception-Dectection\Demos\Real Life Trial Data (Demo 5)\train\audio_model\extracted_audio\truthful\trial_truth_010.wav,0,truthful,5.0,10.0,72.141875
trial_truth_010,d:\NSBM\3rd Year\Final Year Project\Product Development\Github\Mutimodal-Deception-Dectection\Demos\Real Life Trial Data (Demo 5)\train\audio_model\extracted_audio\truthful\trial_truth_010.wav,0,truthful,7.5,12.5,72.141875
trial_truth_010,d:\NSBM\3rd Year\Final Year Project\Product Development\Github\Mutimodal-Deception-Dectection\Demos\Real Life Trial Data (Demo 5)\train\audio_model\extracted_audio\truthful\trial_truth_010.wav,0,truthful,10.0,15.0,72.141875
trial_truth_010,d:\NSBM\3rd Year\Final Year Project\Product Development\Github\Mutimodal-Deception-Dectection\Demos\Real Life Trial Data (Demo 5)\train\audio_model\extracted_audio\truthful\trial_truth_010.wav,0,truthful,12.5,17.5,72.141875
trial_truth_010,d:\NSBM\3rd Year\Final Year Project\Product Development\Github\Mutimodal-Deception-Dectection\Demos\Real Life Trial Data (Demo 5)\train\audio_model\extracted_audio\truthful\trial_truth_010.wav,0,truthful,15.0,20.0,72.141875
trial_truth_010,d:\NSBM\3rd Year\Final Year Project\Product Development\Github\Mutimodal-Deception-Dectection\Demos\Real Life Trial Data (Demo 5)\train\audio_model\extracted_audio\truthful\trial_truth_010.wav,0,truthful,17.5,22.5,72.141875
trial_truth_010,d:\NSBM\3rd Year\Final Year Project\Product Development\Github\Mutimodal-Deception-Dectection\Demos\Real Life Trial Data (Demo 5)\train\audio_model\extracted_audio\truthful\trial_truth_010.wav,0,truthful,20.0,25.0,72.141875
trial_truth_010,d:\NSBM\3rd Year\Final Year Project\Product Development\Github\Mutimodal-Deception-Dectection\Demos\Real Life Trial Data (Demo 5)\train\audio_model\extracted_audio\truthful\trial_truth_010.wav,0,truthful,22.5,27.5,72.141875
trial_truth_010,d:\NSBM\3rd Year\Final Year Project\Product Development\Github\Mutimodal-Deception-Dectection\Demos\Real Life Trial Data (Demo 5)\train\audio_model\extracted_audio\truthful\trial_truth_010.wav,0,truthful,25.0,30.0,72.141875
trial_truth_010,d:\NSBM\3rd Year\Final Year Project\Product Development\Github\Mutimodal-Deception-Dectection\Demos\Real Life Trial Data (Demo 5)\train\audio_model\extracted_audio\truthful\trial_truth_010.wav,0,truthful,27.5,32.5,72.141875
trial_truth_010,d:\NSBM\3rd Year\Final Year Project\Product Development\Github\Mutimodal-Deception-Dectection\Demos\Real Life Trial Data (Demo 5)\train\audio_model\extracted_audio\truthful\trial_truth_010.wav,0,truthful,30.0,35.0,72.141875
trial_truth_010,d:\NSBM\3rd Year\Final Year Project\Product Development\Github\Mutimodal-Deception-Dectection\Demos\Real Life Trial Data (Demo 5)\train\audio_model\extracted_audio\truthful\trial_truth_010.wav,0,truthful,32.5,37.5,72.141875
trial_truth_010,d:\NSBM\3rd Year\Final Year Project\Product Development\Github\Mutimodal-Deception-Dectection\Demos\Real Life Trial Data (Demo 5)\train\audio_model\extracted_audio\truthful\trial_truth_010.wav,0,truthful,35.0,40.0,72.141875
trial_truth_010,d:\NSBM\3rd Year\Final Year Project\Product Development\Github\Mutimodal-Deception-Dectection\Demos\Real Life Trial Data (Demo 5)\train\audio_model\extracted_audio\truthful\trial_truth_010.wav,0,truthful,37.5,42.5,72.141875
trial_truth_010,d:\NSBM\3rd Year\Final Year Project\Product Development\Github\Mutimodal-Deception-Dectection\Demos\Real Life Trial Data (Demo 5)\train\audio_model\extracted_audio\truthful\trial_truth_010.wav,0,truthful,40.0,45.0,72.141875
trial_truth_010,d:\NSBM\3rd Year\Final Year Project\Product Development\Github\Mutimodal-Deception-Dectection\Demos\Real Life Trial Data (Demo 5)\train\audio_model\extracted_audio\truthful\trial_truth_010.wav,0,truthful,42.5,47.5,72.141875
trial_truth_010,d:\NSBM\3rd Year\Final Year Project\Product Development\Github\Mutimodal-Deception-Dectection\Demos\Real Life Trial Data (Demo 5)\train\audio_model\extracted_audio\truthful\trial_truth_010.wav,0,truthful,45.0,50.0,72.141875
trial_truth_010,d:\NSBM\3rd Year\Final Year Project\Product Development\Github\Mutimodal-Deception-Dectection\Demos\Real Life Trial Data (Demo 5)\train\audio_model\extracted_audio\truthful\trial_truth_010.wav,0,truthful,47.5,52.5,72.141875
trial_truth_010,d:\NSBM\3rd Year\Final Year Project\Product Development\Github\Mutimodal-Deception-Dectection\Demos\Real Life Trial Data (Demo 5)\train\audio_model\extracted_audio\truthful\trial_truth_010.wav,0,truthful,50.0,55.0,72.141875
trial_truth_010,d:\NSBM\3rd Year\Final Year Project\Product Development\Github\Mutimodal-Deception-Dectection\Demos\Real Life Trial Data (Demo 5)\train\audio_model\extracted_audio\truthful\trial_truth_010.wav,0,truthful,52.5,57.5,72.141875
trial_truth_010,d:\NSBM\3rd Year\Final Year Project\Product Development\Github\Mutimodal-Deception-Dectection\Demos\Real Life Trial Data (Demo 5)\train\audio_model\extracted_audio\truthful\trial_truth_010.wav,0,truthful,55.0,60.0,72.141875
trial_truth_010,d:\NSBM\3rd Year\Final Year Project\Product Development\Github\Mutimodal-Deception-Dectection\Demos\Real Life Trial Data (Demo 5)\train\audio_model\extracted_audio\truthful\trial_truth_010.wav,0,truthful,57.5,62.5,72.141875
trial_truth_010,d:\NSBM\3rd Year\Final Year Project\Product Development\Github\Mutimodal-Deception-Dectection\Demos\Real Life Trial Data (Demo 5)\train\audio_model\extracted_audio\truthful\trial_truth_010.wav,0,truthful,60.0,65.0,72.141875
trial_truth_010,d:\NSBM\3rd Year\Final Year Project\Product Development\Github\Mutimodal-Deception-Dectection\Demos\Real Life Trial Data (Demo 5)\train\audio_model\extracted_audio\truthful\trial_truth_010.wav,0,truthful,62.5,67.5,72.141875
trial_truth_010,d:\NSBM\3rd Year\Final Year Project\Product Development\Github\Mutimodal-Deception-Dectection\Demos\Real Life Trial Data (Demo 5)\train\audio_model\extracted_audio\truthful\trial_truth_010.wav,0,truthful,65.0,70.0,72.141875
trial_truth_011,d:\NSBM\3rd Year\Final Year Project\Product Development\Github\Mutimodal-Deception-Dectection\Demos\Real Life Trial Data (Demo 5)\train\audio_model\extracted_audio\truthful\trial_truth_011.wav,0,truthful,0.0,5.0,40.8689375
trial_truth_011,d:\NSBM\3rd Year\Final Year Project\Product Development\Github\Mutimodal-Deception-Dectection\Demos\Real Life Trial Data (Demo 5)\train\audio_model\extracted_audio\truthful\trial_truth_011.wav,0,truthful,2.5,7.5,40.8689375
trial_truth_011,d:\NSBM\3rd Year\Final Year Project\Product Development\Github\Mutimodal-Deception-Dectection\Demos\Real Life Trial Data (Demo 5)\train\audio_model\extracted_audio\truthful\trial_truth_011.wav,0,truthful,5.0,10.0,40.8689375
trial_truth_011,d:\NSBM\3rd Year\Final Year Project\Product Development\Github\Mutimodal-Deception-Dectection\Demos\Real Life Trial Data (Demo 5)\train\audio_model\extracted_audio\truthful\trial_truth_011.wav,0,truthful,7.5,12.5,40.8689375
trial_truth_011,d:\NSBM\3rd Year\Final Year Project\Product Development\Github\Mutimodal-Deception-Dectection\Demos\Real Life Trial Data (Demo 5)\train\audio_model\extracted_audio\truthful\trial_truth_011.wav,0,truthful,10.0,15.0,40.8689375
trial_truth_011,d:\NSBM\3rd Year\Final Year Project\Product Development\Github\Mutimodal-Deception-Dectection\Demos\Real Life Trial Data (Demo 5)\train\audio_model\extracted_audio\truthful\trial_truth_011.wav,0,truthful,12.5,17.5,40.8689375
trial_truth_011,d:\NSBM\3rd Year\Final Year Project\Product Development\Github\Mutimodal-Deception-Dectection\Demos\Real Life Trial Data (Demo 5)\train\audio_model\extracted_audio\truthful\trial_truth_011.wav,0,truthful,15.0,20.0,40.8689375
trial_truth_011,d:\NSBM\3rd Year\Final Year Project\Product Development\Github\Mutimodal-Deception-Dectection\Demos\Real Life Trial Data (Demo 5)\train\audio_model\extracted_audio\truthful\trial_truth_011.wav,0,truthful,17.5,22.5,40.8689375
trial_truth_011,d:\NSBM\3rd Year\Final Year Project\Product Development\Github\Mutimodal-Deception-Dectection\Demos\Real Life Trial Data (Demo 5)\train\audio_model\extracted_audio\truthful\trial_truth_011.wav,0,truthful,20.0,25.0,40.8689375
trial_truth_011,d:\NSBM\3rd Year\Final Year Project\Product Development\Github\Mutimodal-Deception-Dectection\Demos\Real Life Trial Data (Demo 5)\train\audio_model\extracted_audio\truthful\trial_truth_011.wav,0,truthful,22.5,27.5,40.8689375
trial_truth_011,d:\NSBM\3rd Year\Final Year Project\Product Development\Github\Mutimodal-Deception-Dectection\Demos\Real Life Trial Data (Demo 5)\train\audio_model\extracted_audio\truthful\trial_truth_011.wav,0,truthful,25.0,30.0,40.8689375
trial_truth_011,d:\NSBM\3rd Year\Final Year Project\Product Development\Github\Mutimodal-Deception-Dectection\Demos\Real Life Trial Data (Demo 5)\train\audio_model\extracted_audio\truthful\trial_truth_011.wav,0,truthful,27.5,32.5,40.8689375
trial_truth_011,d:\NSBM\3rd Year\Final Year Project\Product Development\Github\Mutimodal-Deception-Dectection\Demos\Real Life Trial Data (Demo 5)\train\audio_model\extracted_audio\truthful\trial_truth_011.wav,0,truthful,30.0,35.0,40.8689375
trial_truth_011,d:\NSBM\3rd Year\Final Year Project\Product Development\Github\Mutimodal-Deception-Dectection\Demos\Real Life Trial Data (Demo 5)\train\audio_model\extracted_audio\truthful\trial_truth_011.wav,0,truthful,32.5,37.5,40.8689375
trial_truth_011,d:\NSBM\3rd Year\Final Year Project\Product Development\Github\Mutimodal-Deception-Dectection\Demos\Real Life Trial Data (Demo 5)\train\audio_model\extracted_audio\truthful\trial_truth_011.wav,0,truthful,35.0,40.0,40.8689375
trial_truth_012,d:\NSBM\3rd Year\Final Year Project\Product Development\Github\Mutimodal-Deception-Dectection\Demos\Real Life Trial Data (Demo 5)\train\audio_model\extracted_audio\truthful\trial_truth_012.wav,0,truthful,0.0,5.0,28.3995625
trial_truth_012,d:\NSBM\3rd Year\Final Year Project\Product Development\Github\Mutimodal-Deception-Dectection\Demos\Real Life Trial Data (Demo 5)\train\audio_model\extracted_audio\truthful\trial_truth_012.wav,0,truthful,2.5,7.5,28.3995625
trial_truth_012,d:\NSBM\3rd Year\Final Year Project\Product Development\Github\Mutimodal-Deception-Dectection\Demos\Real Life Trial Data (Demo 5)\train\audio_model\extracted_audio\truthful\trial_truth_012.wav,0,truthful,5.0,10.0,28.3995625
trial_truth_012,d:\NSBM\3rd Year\Final Year Project\Product Development\Github\Mutimodal-Deception-Dectection\Demos\Real Life Trial Data (Demo 5)\train\audio_model\extracted_audio\truthful\trial_truth_012.wav,0,truthful,7.5,12.5,28.3995625
trial_truth_012,d:\NSBM\3rd Year\Final Year Project\Product Development\Github\Mutimodal-Deception-Dectection\Demos\Real Life Trial Data (Demo 5)\train\audio_model\extracted_audio\truthful\trial_truth_012.wav,0,truthful,10.0,15.0,28.3995625
trial_truth_012,d:\NSBM\3rd Year\Final Year Project\Product Development\Github\Mutimodal-Deception-Dectection\Demos\Real Life Trial Data (Demo 5)\train\audio_model\extracted_audio\truthful\trial_truth_012.wav,0,truthful,12.5,17.5,28.3995625
trial_truth_012,d:\NSBM\3rd Year\Final Year Project\Product Development\Github\Mutimodal-Deception-Dectection\Demos\Real Life Trial Data (Demo 5)\train\audio_model\extracted_audio\truthful\trial_truth_012.wav,0,truthful,15.0,20.0,28.3995625
trial_truth_012,d:\NSBM\3rd Year\Final Year Project\Product Development\Github\Mutimodal-Deception-Dectection\Demos\Real Life Trial Data (Demo 5)\train\audio_model\extracted_audio\truthful\trial_truth_012.wav,0,truthful,17.5,22.5,28.3995625
trial_truth_012,d:\NSBM\3rd Year\Final Year Project\Product Development\Github\Mutimodal-Deception-Dectection\Demos\Real Life Trial Data (Demo 5)\train\audio_model\extracted_audio\truthful\trial_truth_012.wav,0,truthful,20.0,25.0,28.3995625
trial_truth_012,d:\NSBM\3rd Year\Final Year Project\Product Development\Github\Mutimodal-Deception-Dectection\Demos\Real Life Trial Data (Demo 5)\train\audio_model\extracted_audio\truthful\trial_truth_012.wav,0,truthful,22.5,27.5,28.3995625
trial_truth_013,d:\NSBM\3rd Year\Final Year Project\Product Development\Github\Mutimodal-Deception-Dectection\Demos\Real Life Trial Data (Demo 5)\train\audio_model\extracted_audio\truthful\trial_truth_013.wav,0,truthful,0.0,5.0,27.81575
trial_truth_013,d:\NSBM\3rd Year\Final Year Project\Product Development\Github\Mutimodal-Deception-Dectection\Demos\Real Life Trial Data (Demo 5)\train\audio_model\extracted_audio\truthful\trial_truth_013.wav,0,truthful,2.5,7.5,27.81575
trial_truth_013,d:\NSBM\3rd Year\Final Year Project\Product Development\Github\Mutimodal-Deception-Dectection\Demos\Real Life Trial Data (Demo 5)\train\audio_model\extracted_audio\truthful\trial_truth_013.wav,0,truthful,5.0,10.0,27.81575
trial_truth_013,d:\NSBM\3rd Year\Final Year Project\Product Development\Github\Mutimodal-Deception-Dectection\Demos\Real Life Trial Data (Demo 5)\train\audio_model\extracted_audio\truthful\trial_truth_013.wav,0,truthful,7.5,12.5,27.81575
trial_truth_013,d:\NSBM\3rd Year\Final Year Project\Product Development\Github\Mutimodal-Deception-Dectection\Demos\Real Life Trial Data (Demo 5)\train\audio_model\extracted_audio\truthful\trial_truth_013.wav,0,truthful,10.0,15.0,27.81575
trial_truth_013,d:\NSBM\3rd Year\Final Year Project\Product Development\Github\Mutimodal-Deception-Dectection\Demos\Real Life Trial Data (Demo 5)\train\audio_model\extracted_audio\truthful\trial_truth_013.wav,0,truthful,12.5,17.5,27.81575
trial_truth_013,d:\NSBM\3rd Year\Final Year Project\Product Development\Github\Mutimodal-Deception-Dectection\Demos\Real Life Trial Data (Demo 5)\train\audio_model\extracted_audio\truthful\trial_truth_013.wav,0,truthful,15.0,20.0,27.81575
trial_truth_013,d:\NSBM\3rd Year\Final Year Project\Product Development\Github\Mutimodal-Deception-Dectection\Demos\Real Life Trial Data (Demo 5)\train\audio_model\extracted_audio\truthful\trial_truth_013.wav,0,truthful,17.5,22.5,27.81575
trial_truth_013,d:\NSBM\3rd Year\Final Year Project\Product Development\Github\Mutimodal-Deception-Dectection\Demos\Real Life Trial Data (Demo 5)\train\audio_model\extracted_audio\truthful\trial_truth_013.wav,0,truthful,20.0,25.0,27.81575
trial_truth_013,d:\NSBM\3rd Year\Final Year Project\Product Development\Github\Mutimodal-Deception-Dectection\Demos\Real Life Trial Data (Demo 5)\train\audio_model\extracted_audio\truthful\trial_truth_013.wav,0,truthful,22.5,27.5,27.81575
trial_truth_014,d:\NSBM\3rd Year\Final Year Project\Product Development\Github\Mutimodal-Deception-Dectection\Demos\Real Life Trial Data (Demo 5)\train\audio_model\extracted_audio\truthful\trial_truth_014.wav,0,truthful,0.0,5.0,12.687875
trial_truth_014,d:\NSBM\3rd Year\Final Year Project\Product Development\Github\Mutimodal-Deception-Dectection\Demos\Real Life Trial Data (Demo 5)\train\audio_model\extracted_audio\truthful\trial_truth_014.wav,0,truthful,2.5,7.5,12.687875
trial_truth_014,d:\NSBM\3rd Year\Final Year Project\Product Development\Github\Mutimodal-Deception-Dectection\Demos\Real Life Trial Data (Demo 5)\train\audio_model\extracted_audio\truthful\trial_truth_014.wav,0,truthful,5.0,10.0,12.687875
trial_truth_014,d:\NSBM\3rd Year\Final Year Project\Product Development\Github\Mutimodal-Deception-Dectection\Demos\Real Life Trial Data (Demo 5)\train\audio_model\extracted_audio\truthful\trial_truth_014.wav,0,truthful,7.5,12.5,12.687875
trial_truth_015,d:\NSBM\3rd Year\Final Year Project\Product Development\Github\Mutimodal-Deception-Dectection\Demos\Real Life Trial Data (Demo 5)\train\audio_model\extracted_audio\truthful\trial_truth_015.wav,0,truthful,0.0,5.0,35.58775
trial_truth_015,d:\NSBM\3rd Year\Final Year Project\Product Development\Github\Mutimodal-Deception-Dectection\Demos\Real Life Trial Data (Demo 5)\train\audio_model\extracted_audio\truthful\trial_truth_015.wav,0,truthful,2.5,7.5,35.58775
trial_truth_015,d:\NSBM\3rd Year\Final Year Project\Product Development\Github\Mutimodal-Deception-Dectection\Demos\Real Life Trial Data (Demo 5)\train\audio_model\extracted_audio\truthful\trial_truth_015.wav,0,truthful,5.0,10.0,35.58775
trial_truth_015,d:\NSBM\3rd Year\Final Year Project\Product Development\Github\Mutimodal-Deception-Dectection\Demos\Real Life Trial Data (Demo 5)\train\audio_model\extracted_audio\truthful\trial_truth_015.wav,0,truthful,7.5,12.5,35.58775
trial_truth_015,d:\NSBM\3rd Year\Final Year Project\Product Development\Github\Mutimodal-Deception-Dectection\Demos\Real Life Trial Data (Demo 5)\train\audio_model\extracted_audio\truthful\trial_truth_015.wav,0,truthful,10.0,15.0,35.58775
trial_truth_015,d:\NSBM\3rd Year\Final Year Project\Product Development\Github\Mutimodal-Deception-Dectection\Demos\Real Life Trial Data (Demo 5)\train\audio_model\extracted_audio\truthful\trial_truth_015.wav,0,truthful,12.5,17.5,35.58775
trial_truth_015,d:\NSBM\3rd Year\Final Year Project\Product Development\Github\Mutimodal-Deception-Dectection\Demos\Real Life Trial Data (Demo 5)\train\audio_model\extracted_audio\truthful\trial_truth_015.wav,0,truthful,15.0,20.0,35.58775
trial_truth_015,d:\NSBM\3rd Year\Final Year Project\Product Development\Github\Mutimodal-Deception-Dectection\Demos\Real Life Trial Data (Demo 5)\train\audio_model\extracted_audio\truthful\trial_truth_015.wav,0,truthful,17.5,22.5,35.58775
trial_truth_015,d:\NSBM\3rd Year\Final Year Project\Product Development\Github\Mutimodal-Deception-Dectection\Demos\Real Life Trial Data (Demo 5)\train\audio_model\extracted_audio\truthful\trial_truth_015.wav,0,truthful,20.0,25.0,35.58775
trial_truth_015,d:\NSBM\3rd Year\Final Year Project\Product Development\Github\Mutimodal-Deception-Dectection\Demos\Real Life Trial Data (Demo 5)\train\audio_model\extracted_audio\truthful\trial_truth_015.wav,0,truthful,22.5,27.5,35.58775
trial_truth_015,d:\NSBM\3rd Year\Final Year Project\Product Development\Github\Mutimodal-Deception-Dectection\Demos\Real Life Trial Data (Demo 5)\train\audio_model\extracted_audio\truthful\trial_truth_015.wav,0,truthful,25.0,30.0,35.58775
trial_truth_015,d:\NSBM\3rd Year\Final Year Project\Product Development\Github\Mutimodal-Deception-Dectection\Demos\Real Life Trial Data (Demo 5)\train\audio_model\extracted_audio\truthful\trial_truth_015.wav,0,truthful,27.5,32.5,35.58775
trial_truth_015,d:\NSBM\3rd Year\Final Year Project\Product Development\Github\Mutimodal-Deception-Dectection\Demos\Real Life Trial Data (Demo 5)\train\audio_model\extracted_audio\truthful\trial_truth_015.wav,0,truthful,30.0,35.0,35.58775
trial_truth_016,d:\NSBM\3rd Year\Final Year Project\Product Development\Github\Mutimodal-Deception-Dectection\Demos\Real Life Trial Data (Demo 5)\train\audio_model\extracted_audio\truthful\trial_truth_016.wav,0,truthful,0.0,5.0,7.5000625
trial_truth_016,d:\NSBM\3rd Year\Final Year Project\Product Development\Github\Mutimodal-Deception-Dectection\Demos\Real Life Trial Data (Demo 5)\train\audio_model\extracted_audio\truthful\trial_truth_016.wav,0,truthful,2.5,7.5,7.5000625
trial_truth_017,d:\NSBM\3rd Year\Final Year Project\Product Development\Github\Mutimodal-Deception-Dectection\Demos\Real Life Trial Data (Demo 5)\train\audio_model\extracted_audio\truthful\trial_truth_017.wav,0,truthful,0.0,4.5046875,4.5046875
trial_truth_018,d:\NSBM\3rd Year\Final Year Project\Product Development\Github\Mutimodal-Deception-Dectection\Demos\Real Life Trial Data (Demo 5)\train\audio_model\extracted_audio\truthful\trial_truth_018.wav,0,truthful,0.0,5.0,6.94275
trial_truth_019,d:\NSBM\3rd Year\Final Year Project\Product Development\Github\Mutimodal-Deception-Dectection\Demos\Real Life Trial Data (Demo 5)\train\audio_model\extracted_audio\truthful\trial_truth_019.wav,0,truthful,0.0,5.0,12.95675
trial_truth_019,d:\NSBM\3rd Year\Final Year Project\Product Development\Github\Mutimodal-Deception-Dectection\Demos\Real Life Trial Data (Demo 5)\train\audio_model\extracted_audio\truthful\trial_truth_019.wav,0,truthful,2.5,7.5,12.95675
trial_truth_019,d:\NSBM\3rd Year\Final Year Project\Product Development\Github\Mutimodal-Deception-Dectection\Demos\Real Life Trial Data (Demo 5)\train\audio_model\extracted_audio\truthful\trial_truth_019.wav,0,truthful,5.0,10.0,12.95675
trial_truth_019,d:\NSBM\3rd Year\Final Year Project\Product Development\Github\Mutimodal-Deception-Dectection\Demos\Real Life Trial Data (Demo 5)\train\audio_model\extracted_audio\truthful\trial_truth_019.wav,0,truthful,7.5,12.5,12.95675
trial_truth_020,d:\NSBM\3rd Year\Final Year Project\Product Development\Github\Mutimodal-Deception-Dectection\Demos\Real Life Trial Data (Demo 5)\train\audio_model\extracted_audio\truthful\trial_truth_020.wav,0,truthful,0.0,5.0,6.9195625
trial_truth_021,d:\NSBM\3rd Year\Final Year Project\Product Development\Github\Mutimodal-Deception-Dectection\Demos\Real Life Trial Data (Demo 5)\train\audio_model\extracted_audio\truthful\trial_truth_021.wav,0,truthful,0.0,5.0,10.8901875
trial_truth_021,d:\NSBM\3rd Year\Final Year Project\Product Development\Github\Mutimodal-Deception-Dectection\Demos\Real Life Trial Data (Demo 5)\train\audio_model\extracted_audio\truthful\trial_truth_021.wav,0,truthful,2.5,7.5,10.8901875
trial_truth_021,d:\NSBM\3rd Year\Final Year Project\Product Development\Github\Mutimodal-Deception-Dectection\Demos\Real Life Trial Data (Demo 5)\train\audio_model\extracted_audio\truthful\trial_truth_021.wav,0,truthful,5.0,10.0,10.8901875
trial_truth_022,d:\NSBM\3rd Year\Final Year Project\Product Development\Github\Mutimodal-Deception-Dectection\Demos\Real Life Trial Data (Demo 5)\train\audio_model\extracted_audio\truthful\trial_truth_022.wav,0,truthful,0.0,5.0,28.514125
trial_truth_022,d:\NSBM\3rd Year\Final Year Project\Product Development\Github\Mutimodal-Deception-Dectection\Demos\Real Life Trial Data (Demo 5)\train\audio_model\extracted_audio\truthful\trial_truth_022.wav,0,truthful,2.5,7.5,28.514125
trial_truth_022,d:\NSBM\3rd Year\Final Year Project\Product Development\Github\Mutimodal-Deception-Dectection\Demos\Real Life Trial Data (Demo 5)\train\audio_model\extracted_audio\truthful\trial_truth_022.wav,0,truthful,5.0,10.0,28.514125
trial_truth_022,d:\NSBM\3rd Year\Final Year Project\Product Development\Github\Mutimodal-Deception-Dectection\Demos\Real Life Trial Data (Demo 5)\train\audio_model\extracted_audio\truthful\trial_truth_022.wav,0,truthful,7.5,12.5,28.514125
trial_truth_022,d:\NSBM\3rd Year\Final Year Project\Product Development\Github\Mutimodal-Deception-Dectection\Demos\Real Life Trial Data (Demo 5)\train\audio_model\extracted_audio\truthful\trial_truth_022.wav,0,truthful,10.0,15.0,28.514125
trial_truth_022,d:\NSBM\3rd Year\Final Year Project\Product Development\Github\Mutimodal-Deception-Dectection\Demos\Real Life Trial Data (Demo 5)\train\audio_model\extracted_audio\truthful\trial_truth_022.wav,0,truthful,12.5,17.5,28.514125
trial_truth_022,d:\NSBM\3rd Year\Final Year Project\Product Development\Github\Mutimodal-Deception-Dectection\Demos\Real Life Trial Data (Demo 5)\train\audio_model\extracted_audio\truthful\trial_truth_022.wav,0,truthful,15.0,20.0,28.514125
trial_truth_022,d:\NSBM\3rd Year\Final Year Project\Product Development\Github\Mutimodal-Deception-Dectection\Demos\Real Life Trial Data (Demo 5)\train\audio_model\extracted_audio\truthful\trial_truth_022.wav,0,truthful,17.5,22.5,28.514125
trial_truth_022,d:\NSBM\3rd Year\Final Year Project\Product Development\Github\Mutimodal-Deception-Dectection\Demos\Real Life Trial Data (Demo 5)\train\audio_model\extracted_audio\truthful\trial_truth_022.wav,0,truthful,20.0,25.0,28.514125
trial_truth_022,d:\NSBM\3rd Year\Final Year Project\Product Development\Github\Mutimodal-Deception-Dectection\Demos\Real Life Trial Data (Demo 5)\train\audio_model\extracted_audio\truthful\trial_truth_022.wav,0,truthful,22.5,27.5,28.514125
trial_truth_023,d:\NSBM\3rd Year\Final Year Project\Product Development\Github\Mutimodal-Deception-Dectection\Demos\Real Life Trial Data (Demo 5)\train\audio_model\extracted_audio\truthful\trial_truth_023.wav,0,truthful,0.0,5.0,22.5651875
trial_truth_023,d:\NSBM\3rd Year\Final Year Project\Product Development\Github\Mutimodal-Deception-Dectection\Demos\Real Life Trial Data (Demo 5)\train\audio_model\extracted_audio\truthful\trial_truth_023.wav,0,truthful,2.5,7.5,22.5651875
trial_truth_023,d:\NSBM\3rd Year\Final Year Project\Product Development\Github\Mutimodal-Deception-Dectection\Demos\Real Life Trial Data (Demo 5)\train\audio_model\extracted_audio\truthful\trial_truth_023.wav,0,truthful,5.0,10.0,22.5651875
trial_truth_023,d:\NSBM\3rd Year\Final Year Project\Product Development\Github\Mutimodal-Deception-Dectection\Demos\Real Life Trial Data (Demo 5)\train\audio_model\extracted_audio\truthful\trial_truth_023.wav,0,truthful,7.5,12.5,22.5651875
trial_truth_023,d:\NSBM\3rd Year\Final Year Project\Product Development\Github\Mutimodal-Deception-Dectection\Demos\Real Life Trial Data (Demo 5)\train\audio_model\extracted_audio\truthful\trial_truth_023.wav,0,truthful,10.0,15.0,22.5651875
trial_truth_023,d:\NSBM\3rd Year\Final Year Project\Product Development\Github\Mutimodal-Deception-Dectection\Demos\Real Life Trial Data (Demo 5)\train\audio_model\extracted_audio\truthful\trial_truth_023.wav,0,truthful,12.5,17.5,22.5651875
trial_truth_023,d:\NSBM\3rd Year\Final Year Project\Product Development\Github\Mutimodal-Deception-Dectection\Demos\Real Life Trial Data (Demo 5)\train\audio_model\extracted_audio\truthful\trial_truth_023.wav,0,truthful,15.0,20.0,22.5651875
trial_truth_023,d:\NSBM\3rd Year\Final Year Project\Product Development\Github\Mutimodal-Deception-Dectection\Demos\Real Life Trial Data (Demo 5)\train\audio_model\extracted_audio\truthful\trial_truth_023.wav,0,truthful,17.5,22.5,22.5651875
trial_truth_024,d:\NSBM\3rd Year\Final Year Project\Product Development\Github\Mutimodal-Deception-Dectection\Demos\Real Life Trial Data (Demo 5)\train\audio_model\extracted_audio\truthful\trial_truth_024.wav,0,truthful,0.0,5.0,22.3836875
trial_truth_024,d:\NSBM\3rd Year\Final Year Project\Product Development\Github\Mutimodal-Deception-Dectection\Demos\Real Life Trial Data (Demo 5)\train\audio_model\extracted_audio\truthful\trial_truth_024.wav,0,truthful,2.5,7.5,22.3836875
trial_truth_024,d:\NSBM\3rd Year\Final Year Project\Product Development\Github\Mutimodal-Deception-Dectection\Demos\Real Life Trial Data (Demo 5)\train\audio_model\extracted_audio\truthful\trial_truth_024.wav,0,truthful,5.0,10.0,22.3836875
trial_truth_024,d:\NSBM\3rd Year\Final Year Project\Product Development\Github\Mutimodal-Deception-Dectection\Demos\Real Life Trial Data (Demo 5)\train\audio_model\extracted_audio\truthful\trial_truth_024.wav,0,truthful,7.5,12.5,22.3836875
trial_truth_024,d:\NSBM\3rd Year\Final Year Project\Product Development\Github\Mutimodal-Deception-Dectection\Demos\Real Life Trial Data (Demo 5)\train\audio_model\extracted_audio\truthful\trial_truth_024.wav,0,truthful,10.0,15.0,22.3836875
trial_truth_024,d:\NSBM\3rd Year\Final Year Project\Product Development\Github\Mutimodal-Deception-Dectection\Demos\Real Life Trial Data (Demo 5)\train\audio_model\extracted_audio\truthful\trial_truth_024.wav,0,truthful,12.5,17.5,22.3836875
trial_truth_024,d:\NSBM\3rd Year\Final Year Project\Product Development\Github\Mutimodal-Deception-Dectection\Demos\Real Life Trial Data (Demo 5)\train\audio_model\extracted_audio\truthful\trial_truth_024.wav,0,truthful,15.0,20.0,22.3836875
trial_truth_025,d:\NSBM\3rd Year\Final Year Project\Product Development\Github\Mutimodal-Deception-Dectection\Demos\Real Life Trial Data (Demo 5)\train\audio_model\extracted_audio\truthful\trial_truth_025.wav,0,truthful,0.0,5.0,33.7814375
trial_truth_025,d:\NSBM\3rd Year\Final Year Project\Product Development\Github\Mutimodal-Deception-Dectection\Demos\Real Life Trial Data (Demo 5)\train\audio_model\extracted_audio\truthful\trial_truth_025.wav,0,truthful,2.5,7.5,33.7814375
trial_truth_025,d:\NSBM\3rd Year\Final Year Project\Product Development\Github\Mutimodal-Deception-Dectection\Demos\Real Life Trial Data (Demo 5)\train\audio_model\extracted_audio\truthful\trial_truth_025.wav,0,truthful,5.0,10.0,33.7814375
trial_truth_025,d:\NSBM\3rd Year\Final Year Project\Product Development\Github\Mutimodal-Deception-Dectection\Demos\Real Life Trial Data (Demo 5)\train\audio_model\extracted_audio\truthful\trial_truth_025.wav,0,truthful,7.5,12.5,33.7814375
trial_truth_025,d:\NSBM\3rd Year\Final Year Project\Product Development\Github\Mutimodal-Deception-Dectection\Demos\Real Life Trial Data (Demo 5)\train\audio_model\extracted_audio\truthful\trial_truth_025.wav,0,truthful,10.0,15.0,33.7814375
trial_truth_025,d:\NSBM\3rd Year\Final Year Project\Product Development\Github\Mutimodal-Deception-Dectection\Demos\Real Life Trial Data (Demo 5)\train\audio_model\extracted_audio\truthful\trial_truth_025.wav,0,truthful,12.5,17.5,33.7814375
trial_truth_025,d:\NSBM\3rd Year\Final Year Project\Product Development\Github\Mutimodal-Deception-Dectection\Demos\Real Life Trial Data (Demo 5)\train\audio_model\extracted_audio\truthful\trial_truth_025.wav,0,truthful,15.0,20.0,33.7814375
trial_truth_025,d:\NSBM\3rd Year\Final Year Project\Product Development\Github\Mutimodal-Deception-Dectection\Demos\Real Life Trial Data (Demo 5)\train\audio_model\extracted_audio\truthful\trial_truth_025.wav,0,truthful,17.5,22.5,33.7814375
trial_truth_025,d:\NSBM\3rd Year\Final Year Project\Product Development\Github\Mutimodal-Deception-Dectection\Demos\Real Life Trial Data (Demo 5)\train\audio_model\extracted_audio\truthful\trial_truth_025.wav,0,truthful,20.0,25.0,33.7814375
trial_truth_025,d:\NSBM\3rd Year\Final Year Project\Product Development\Github\Mutimodal-Deception-Dectection\Demos\Real Life Trial Data (Demo 5)\train\audio_model\extracted_audio\truthful\trial_truth_025.wav,0,truthful,22.5,27.5,33.7814375
trial_truth_025,d:\NSBM\3rd Year\Final Year Project\Product Development\Github\Mutimodal-Deception-Dectection\Demos\Real Life Trial Data (Demo 5)\train\audio_model\extracted_audio\truthful\trial_truth_025.wav,0,truthful,25.0,30.0,33.7814375
trial_truth_025,d:\NSBM\3rd Year\Final Year Project\Product Development\Github\Mutimodal-Deception-Dectection\Demos\Real Life Trial Data (Demo 5)\train\audio_model\extracted_audio\truthful\trial_truth_025.wav,0,truthful,27.5,32.5,33.7814375
trial_truth_026,d:\NSBM\3rd Year\Final Year Project\Product Development\Github\Mutimodal-Deception-Dectection\Demos\Real Life Trial Data (Demo 5)\train\audio_model\extracted_audio\truthful\trial_truth_026.wav,0,truthful,0.0,5.0,32.0203125
trial_truth_026,d:\NSBM\3rd Year\Final Year Project\Product Development\Github\Mutimodal-Deception-Dectection\Demos\Real Life Trial Data (Demo 5)\train\audio_model\extracted_audio\truthful\trial_truth_026.wav,0,truthful,2.5,7.5,32.0203125
trial_truth_026,d:\NSBM\3rd Year\Final Year Project\Product Development\Github\Mutimodal-Deception-Dectection\Demos\Real Life Trial Data (Demo 5)\train\audio_model\extracted_audio\truthful\trial_truth_026.wav,0,truthful,5.0,10.0,32.0203125
trial_truth_026,d:\NSBM\3rd Year\Final Year Project\Product Development\Github\Mutimodal-Deception-Dectection\Demos\Real Life Trial Data (Demo 5)\train\audio_model\extracted_audio\truthful\trial_truth_026.wav,0,truthful,7.5,12.5,32.0203125
trial_truth_026,d:\NSBM\3rd Year\Final Year Project\Product Development\Github\Mutimodal-Deception-Dectection\Demos\Real Life Trial Data (Demo 5)\train\audio_model\extracted_audio\truthful\trial_truth_026.wav,0,truthful,10.0,15.0,32.0203125
trial_truth_026,d:\NSBM\3rd Year\Final Year Project\Product Development\Github\Mutimodal-Deception-Dectection\Demos\Real Life Trial Data (Demo 5)\train\audio_model\extracted_audio\truthful\trial_truth_026.wav,0,truthful,12.5,17.5,32.0203125
trial_truth_026,d:\NSBM\3rd Year\Final Year Project\Product Development\Github\Mutimodal-Deception-Dectection\Demos\Real Life Trial Data (Demo 5)\train\audio_model\extracted_audio\truthful\trial_truth_026.wav,0,truthful,15.0,20.0,32.0203125
trial_truth_026,d:\NSBM\3rd Year\Final Year Project\Product Development\Github\Mutimodal-Deception-Dectection\Demos\Real Life Trial Data (Demo 5)\train\audio_model\extracted_audio\truthful\trial_truth_026.wav,0,truthful,17.5,22.5,32.0203125
trial_truth_026,d:\NSBM\3rd Year\Final Year Project\Product Development\Github\Mutimodal-Deception-Dectection\Demos\Real Life Trial Data (Demo 5)\train\audio_model\extracted_audio\truthful\trial_truth_026.wav,0,truthful,20.0,25.0,32.0203125
trial_truth_026,d:\NSBM\3rd Year\Final Year Project\Product Development\Github\Mutimodal-Deception-Dectection\Demos\Real Life Trial Data (Demo 5)\train\audio_model\extracted_audio\truthful\trial_truth_026.wav,0,truthful,22.5,27.5,32.0203125
trial_truth_026,d:\NSBM\3rd Year\Final Year Project\Product Development\Github\Mutimodal-Deception-Dectection\Demos\Real Life Trial Data (Demo 5)\train\audio_model\extracted_audio\truthful\trial_truth_026.wav,0,truthful,25.0,30.0,32.0203125
trial_truth_027,d:\NSBM\3rd Year\Final Year Project\Product Development\Github\Mutimodal-Deception-Dectection\Demos\Real Life Trial Data (Demo 5)\train\audio_model\extracted_audio\truthful\trial_truth_027.wav,0,truthful,0.0,5.0,25.007875
trial_truth_027,d:\NSBM\3rd Year\Final Year Project\Product Development\Github\Mutimodal-Deception-Dectection\Demos\Real Life Trial Data (Demo 5)\train\audio_model\extracted_audio\truthful\trial_truth_027.wav,0,truthful,2.5,7.5,25.007875
trial_truth_027,d:\NSBM\3rd Year\Final Year Project\Product Development\Github\Mutimodal-Deception-Dectection\Demos\Real Life Trial Data (Demo 5)\train\audio_model\extracted_audio\truthful\trial_truth_027.wav,0,truthful,5.0,10.0,25.007875
trial_truth_027,d:\NSBM\3rd Year\Final Year Project\Product Development\Github\Mutimodal-Deception-Dectection\Demos\Real Life Trial Data (Demo 5)\train\audio_model\extracted_audio\truthful\trial_truth_027.wav,0,truthful,7.5,12.5,25.007875
trial_truth_027,d:\NSBM\3rd Year\Final Year Project\Product Development\Github\Mutimodal-Deception-Dectection\Demos\Real Life Trial Data (Demo 5)\train\audio_model\extracted_audio\truthful\trial_truth_027.wav,0,truthful,10.0,15.0,25.007875
trial_truth_027,d:\NSBM\3rd Year\Final Year Project\Product Development\Github\Mutimodal-Deception-Dectection\Demos\Real Life Trial Data (Demo 5)\train\audio_model\extracted_audio\truthful\trial_truth_027.wav,0,truthful,12.5,17.5,25.007875
trial_truth_027,d:\NSBM\3rd Year\Final Year Project\Product Development\Github\Mutimodal-Deception-Dectection\Demos\Real Life Trial Data (Demo 5)\train\audio_model\extracted_audio\truthful\trial_truth_027.wav,0,truthful,15.0,20.0,25.007875
trial_truth_027,d:\NSBM\3rd Year\Final Year Project\Product Development\Github\Mutimodal-Deception-Dectection\Demos\Real Life Trial Data (Demo 5)\train\audio_model\extracted_audio\truthful\trial_truth_027.wav,0,truthful,17.5,22.5,25.007875
trial_truth_027,d:\NSBM\3rd Year\Final Year Project\Product Development\Github\Mutimodal-Deception-Dectection\Demos\Real Life Trial Data (Demo 5)\train\audio_model\extracted_audio\truthful\trial_truth_027.wav,0,truthful,20.0,25.0,25.007875
trial_truth_028,d:\NSBM\3rd Year\Final Year Project\Product Development\Github\Mutimodal-Deception-Dectection\Demos\Real Life Trial Data (Demo 5)\train\audio_model\extracted_audio\truthful\trial_truth_028.wav,0,truthful,0.0,5.0,17.9955
trial_truth_028,d:\NSBM\3rd Year\Final Year Project\Product Development\Github\Mutimodal-Deception-Dectection\Demos\Real Life Trial Data (Demo 5)\train\audio_model\extracted_audio\truthful\trial_truth_028.wav,0,truthful,2.5,7.5,17.9955
trial_truth_028,d:\NSBM\3rd Year\Final Year Project\Product Development\Github\Mutimodal-Deception-Dectection\Demos\Real Life Trial Data (Demo 5)\train\audio_model\extracted_audio\truthful\trial_truth_028.wav,0,truthful,5.0,10.0,17.9955
trial_truth_028,d:\NSBM\3rd Year\Final Year Project\Product Development\Github\Mutimodal-Deception-Dectection\Demos\Real Life Trial Data (Demo 5)\train\audio_model\extracted_audio\truthful\trial_truth_028.wav,0,truthful,7.5,12.5,17.9955
trial_truth_028,d:\NSBM\3rd Year\Final Year Project\Product Development\Github\Mutimodal-Deception-Dectection\Demos\Real Life Trial Data (Demo 5)\train\audio_model\extracted_audio\truthful\trial_truth_028.wav,0,truthful,10.0,15.0,17.9955
trial_truth_028,d:\NSBM\3rd Year\Final Year Project\Product Development\Github\Mutimodal-Deception-Dectection\Demos\Real Life Trial Data (Demo 5)\train\audio_model\extracted_audio\truthful\trial_truth_028.wav,0,truthful,12.5,17.5,17.9955
trial_truth_029,d:\NSBM\3rd Year\Final Year Project\Product Development\Github\Mutimodal-Deception-Dectection\Demos\Real Life Trial Data (Demo 5)\train\audio_model\extracted_audio\truthful\trial_truth_029.wav,0,truthful,0.0,5.0,23.011
trial_truth_029,d:\NSBM\3rd Year\Final Year Project\Product Development\Github\Mutimodal-Deception-Dectection\Demos\Real Life Trial Data (Demo 5)\train\audio_model\extracted_audio\truthful\trial_truth_029.wav,0,truthful,2.5,7.5,23.011
trial_truth_029,d:\NSBM\3rd Year\Final Year Project\Product Development\Github\Mutimodal-Deception-Dectection\Demos\Real Life Trial Data (Demo 5)\train\audio_model\extracted_audio\truthful\trial_truth_029.wav,0,truthful,5.0,10.0,23.011
trial_truth_029,d:\NSBM\3rd Year\Final Year Project\Product Development\Github\Mutimodal-Deception-Dectection\Demos\Real Life Trial Data (Demo 5)\train\audio_model\extracted_audio\truthful\trial_truth_029.wav,0,truthful,7.5,12.5,23.011
trial_truth_029,d:\NSBM\3rd Year\Final Year Project\Product Development\Github\Mutimodal-Deception-Dectection\Demos\Real Life Trial Data (Demo 5)\train\audio_model\extracted_audio\truthful\trial_truth_029.wav,0,truthful,10.0,15.0,23.011
trial_truth_029,d:\NSBM\3rd Year\Final Year Project\Product Development\Github\Mutimodal-Deception-Dectection\Demos\Real Life Trial Data (Demo 5)\train\audio_model\extracted_audio\truthful\trial_truth_029.wav,0,truthful,12.5,17.5,23.011
trial_truth_029,d:\NSBM\3rd Year\Final Year Project\Product Development\Github\Mutimodal-Deception-Dectection\Demos\Real Life Trial Data (Demo 5)\train\audio_model\extracted_audio\truthful\trial_truth_029.wav,0,truthful,15.0,20.0,23.011
trial_truth_029,d:\NSBM\3rd Year\Final Year Project\Product Development\Github\Mutimodal-Deception-Dectection\Demos\Real Life Trial Data (Demo 5)\train\audio_model\extracted_audio\truthful\trial_truth_029.wav,0,truthful,17.5,22.5,23.011
trial_truth_030,d:\NSBM\3rd Year\Final Year Project\Product Development\Github\Mutimodal-Deception-Dectection\Demos\Real Life Trial Data (Demo 5)\train\audio_model\extracted_audio\truthful\trial_truth_030.wav,0,truthful,0.0,5.0,55.0080625
trial_truth_030,d:\NSBM\3rd Year\Final Year Project\Product Development\Github\Mutimodal-Deception-Dectection\Demos\Real Life Trial Data (Demo 5)\train\audio_model\extracted_audio\truthful\trial_truth_030.wav,0,truthful,2.5,7.5,55.0080625
trial_truth_030,d:\NSBM\3rd Year\Final Year Project\Product Development\Github\Mutimodal-Deception-Dectection\Demos\Real Life Trial Data (Demo 5)\train\audio_model\extracted_audio\truthful\trial_truth_030.wav,0,truthful,5.0,10.0,55.0080625
trial_truth_030,d:\NSBM\3rd Year\Final Year Project\Product Development\Github\Mutimodal-Deception-Dectection\Demos\Real Life Trial Data (Demo 5)\train\audio_model\extracted_audio\truthful\trial_truth_030.wav,0,truthful,7.5,12.5,55.0080625
trial_truth_030,d:\NSBM\3rd Year\Final Year Project\Product Development\Github\Mutimodal-Deception-Dectection\Demos\Real Life Trial Data (Demo 5)\train\audio_model\extracted_audio\truthful\trial_truth_030.wav,0,truthful,10.0,15.0,55.0080625
trial_truth_030,d:\NSBM\3rd Year\Final Year Project\Product Development\Github\Mutimodal-Deception-Dectection\Demos\Real Life Trial Data (Demo 5)\train\audio_model\extracted_audio\truthful\trial_truth_030.wav,0,truthful,12.5,17.5,55.0080625
trial_truth_030,d:\NSBM\3rd Year\Final Year Project\Product Development\Github\Mutimodal-Deception-Dectection\Demos\Real Life Trial Data (Demo 5)\train\audio_model\extracted_audio\truthful\trial_truth_030.wav,0,truthful,15.0,20.0,55.0080625
trial_truth_030,d:\NSBM\3rd Year\Final Year Project\Product Development\Github\Mutimodal-Deception-Dectection\Demos\Real Life Trial Data (Demo 5)\train\audio_model\extracted_audio\truthful\trial_truth_030.wav,0,truthful,17.5,22.5,55.0080625
trial_truth_030,d:\NSBM\3rd Year\Final Year Project\Product Development\Github\Mutimodal-Deception-Dectection\Demos\Real Life Trial Data (Demo 5)\train\audio_model\extracted_audio\truthful\trial_truth_030.wav,0,truthful,20.0,25.0,55.0080625
trial_truth_030,d:\NSBM\3rd Year\Final Year Project\Product Development\Github\Mutimodal-Deception-Dectection\Demos\Real Life Trial Data (Demo 5)\train\audio_model\extracted_audio\truthful\trial_truth_030.wav,0,truthful,22.5,27.5,55.0080625
trial_truth_030,d:\NSBM\3rd Year\Final Year Project\Product Development\Github\Mutimodal-Deception-Dectection\Demos\Real Life Trial Data (Demo 5)\train\audio_model\extracted_audio\truthful\trial_truth_030.wav,0,truthful,25.0,30.0,55.0080625
trial_truth_030,d:\NSBM\3rd Year\Final Year Project\Product Development\Github\Mutimodal-Deception-Dectection\Demos\Real Life Trial Data (Demo 5)\train\audio_model\extracted_audio\truthful\trial_truth_030.wav,0,truthful,27.5,32.5,55.0080625
trial_truth_030,d:\NSBM\3rd Year\Final Year Project\Product Development\Github\Mutimodal-Deception-Dectection\Demos\Real Life Trial Data (Demo 5)\train\audio_model\extracted_audio\truthful\trial_truth_030.wav,0,truthful,30.0,35.0,55.0080625
trial_truth_030,d:\NSBM\3rd Year\Final Year Project\Product Development\Github\Mutimodal-Deception-Dectection\Demos\Real Life Trial Data (Demo 5)\train\audio_model\extracted_audio\truthful\trial_truth_030.wav,0,truthful,32.5,37.5,55.0080625
trial_truth_030,d:\NSBM\3rd Year\Final Year Project\Product Development\Github\Mutimodal-Deception-Dectection\Demos\Real Life Trial Data (Demo 5)\train\audio_model\extracted_audio\truthful\trial_truth_030.wav,0,truthful,35.0,40.0,55.0080625
trial_truth_030,d:\NSBM\3rd Year\Final Year Project\Product Development\Github\Mutimodal-Deception-Dectection\Demos\Real Life Trial Data (Demo 5)\train\audio_model\extracted_audio\truthful\trial_truth_030.wav,0,truthful,37.5,42.5,55.0080625
trial_truth_030,d:\NSBM\3rd Year\Final Year Project\Product Development\Github\Mutimodal-Deception-Dectection\Demos\Real Life Trial Data (Demo 5)\train\audio_model\extracted_audio\truthful\trial_truth_030.wav,0,truthful,40.0,45.0,55.0080625
trial_truth_030,d:\NSBM\3rd Year\Final Year Project\Product Development\Github\Mutimodal-Deception-Dectection\Demos\Real Life Trial Data (Demo 5)\train\audio_model\extracted_audio\truthful\trial_truth_030.wav,0,truthful,42.5,47.5,55.0080625
trial_truth_030,d:\NSBM\3rd Year\Final Year Project\Product Development\Github\Mutimodal-Deception-Dectection\Demos\Real Life Trial Data (Demo 5)\train\audio_model\extracted_audio\truthful\trial_truth_030.wav,0,truthful,45.0,50.0,55.0080625
trial_truth_030,d:\NSBM\3rd Year\Final Year Project\Product Development\Github\Mutimodal-Deception-Dectection\Demos\Real Life Trial Data (Demo 5)\train\audio_model\extracted_audio\truthful\trial_truth_030.wav,0,truthful,47.5,52.5,55.0080625
trial_truth_030,d:\NSBM\3rd Year\Final Year Project\Product Development\Github\Mutimodal-Deception-Dectection\Demos\Real Life Trial Data (Demo 5)\train\audio_model\extracted_audio\truthful\trial_truth_030.wav,0,truthful,50.0,55.0,55.0080625
trial_truth_031,d:\NSBM\3rd Year\Final Year Project\Product Development\Github\Mutimodal-Deception-Dectection\Demos\Real Life Trial Data (Demo 5)\train\audio_model\extracted_audio\truthful\trial_truth_031.wav,0,truthful,0.0,5.0,18.0186875
trial_truth_031,d:\NSBM\3rd Year\Final Year Project\Product Development\Github\Mutimodal-Deception-Dectection\Demos\Real Life Trial Data (Demo 5)\train\audio_model\extracted_audio\truthful\trial_truth_031.wav,0,truthful,2.5,7.5,18.0186875
trial_truth_031,d:\NSBM\3rd Year\Final Year Project\Product Development\Github\Mutimodal-Deception-Dectection\Demos\Real Life Trial Data (Demo 5)\train\audio_model\extracted_audio\truthful\trial_truth_031.wav,0,truthful,5.0,10.0,18.0186875
trial_truth_031,d:\NSBM\3rd Year\Final Year Project\Product Development\Github\Mutimodal-Deception-Dectection\Demos\Real Life Trial Data (Demo 5)\train\audio_model\extracted_audio\truthful\trial_truth_031.wav,0,truthful,7.5,12.5,18.0186875
trial_truth_031,d:\NSBM\3rd Year\Final Year Project\Product Development\Github\Mutimodal-Deception-Dectection\Demos\Real Life Trial Data (Demo 5)\train\audio_model\extracted_audio\truthful\trial_truth_031.wav,0,truthful,10.0,15.0,18.0186875
trial_truth_031,d:\NSBM\3rd Year\Final Year Project\Product Development\Github\Mutimodal-Deception-Dectection\Demos\Real Life Trial Data (Demo 5)\train\audio_model\extracted_audio\truthful\trial_truth_031.wav,0,truthful,12.5,17.5,18.0186875
trial_truth_032,d:\NSBM\3rd Year\Final Year Project\Product Development\Github\Mutimodal-Deception-Dectection\Demos\Real Life Trial Data (Demo 5)\train\audio_model\extracted_audio\truthful\trial_truth_032.wav,0,truthful,0.0,5.0,37.012625
trial_truth_032,d:\NSBM\3rd Year\Final Year Project\Product Development\Github\Mutimodal-Deception-Dectection\Demos\Real Life Trial Data (Demo 5)\train\audio_model\extracted_audio\truthful\trial_truth_032.wav,0,truthful,2.5,7.5,37.012625
trial_truth_032,d:\NSBM\3rd Year\Final Year Project\Product Development\Github\Mutimodal-Deception-Dectection\Demos\Real Life Trial Data (Demo 5)\train\audio_model\extracted_audio\truthful\trial_truth_032.wav,0,truthful,5.0,10.0,37.012625
trial_truth_032,d:\NSBM\3rd Year\Final Year Project\Product Development\Github\Mutimodal-Deception-Dectection\Demos\Real Life Trial Data (Demo 5)\train\audio_model\extracted_audio\truthful\trial_truth_032.wav,0,truthful,7.5,12.5,37.012625
trial_truth_032,d:\NSBM\3rd Year\Final Year Project\Product Development\Github\Mutimodal-Deception-Dectection\Demos\Real Life Trial Data (Demo 5)\train\audio_model\extracted_audio\truthful\trial_truth_032.wav,0,truthful,10.0,15.0,37.012625
trial_truth_032,d:\NSBM\3rd Year\Final Year Project\Product Development\Github\Mutimodal-Deception-Dectection\Demos\Real Life Trial Data (Demo 5)\train\audio_model\extracted_audio\truthful\trial_truth_032.wav,0,truthful,12.5,17.5,37.012625
trial_truth_032,d:\NSBM\3rd Year\Final Year Project\Product Development\Github\Mutimodal-Deception-Dectection\Demos\Real Life Trial Data (Demo 5)\train\audio_model\extracted_audio\truthful\trial_truth_032.wav,0,truthful,15.0,20.0,37.012625
trial_truth_032,d:\NSBM\3rd Year\Final Year Project\Product Development\Github\Mutimodal-Deception-Dectection\Demos\Real Life Trial Data (Demo 5)\train\audio_model\extracted_audio\truthful\trial_truth_032.wav,0,truthful,17.5,22.5,37.012625
trial_truth_032,d:\NSBM\3rd Year\Final Year Project\Product Development\Github\Mutimodal-Deception-Dectection\Demos\Real Life Trial Data (Demo 5)\train\audio_model\extracted_audio\truthful\trial_truth_032.wav,0,truthful,20.0,25.0,37.012625
trial_truth_032,d:\NSBM\3rd Year\Final Year Project\Product Development\Github\Mutimodal-Deception-Dectection\Demos\Real Life Trial Data (Demo 5)\train\audio_model\extracted_audio\truthful\trial_truth_032.wav,0,truthful,22.5,27.5,37.012625
trial_truth_032,d:\NSBM\3rd Year\Final Year Project\Product Development\Github\Mutimodal-Deception-Dectection\Demos\Real Life Trial Data (Demo 5)\train\audio_model\extracted_audio\truthful\trial_truth_032.wav,0,truthful,25.0,30.0,37.012625
trial_truth_032,d:\NSBM\3rd Year\Final Year Project\Product Development\Github\Mutimodal-Deception-Dectection\Demos\Real Life Trial Data (Demo 5)\train\audio_model\extracted_audio\truthful\trial_truth_032.wav,0,truthful,27.5,32.5,37.012625
trial_truth_032,d:\NSBM\3rd Year\Final Year Project\Product Development\Github\Mutimodal-Deception-Dectection\Demos\Real Life Trial Data (Demo 5)\train\audio_model\extracted_audio\truthful\trial_truth_032.wav,0,truthful,30.0,35.0,37.012625
trial_truth_033,d:\NSBM\3rd Year\Final Year Project\Product Development\Github\Mutimodal-Deception-Dectection\Demos\Real Life Trial Data (Demo 5)\train\audio_model\extracted_audio\truthful\trial_truth_033.wav,0,truthful,0.0,5.0,17.02025
trial_truth_033,d:\NSBM\3rd Year\Final Year Project\Product Development\Github\Mutimodal-Deception-Dectection\Demos\Real Life Trial Data (Demo 5)\train\audio_model\extracted_audio\truthful\trial_truth_033.wav,0,truthful,2.5,7.5,17.02025
trial_truth_033,d:\NSBM\3rd Year\Final Year Project\Product Development\Github\Mutimodal-Deception-Dectection\Demos\Real Life Trial Data (Demo 5)\train\audio_model\extracted_audio\truthful\trial_truth_033.wav,0,truthful,5.0,10.0,17.02025
trial_truth_033,d:\NSBM\3rd Year\Final Year Project\Product Development\Github\Mutimodal-Deception-Dectection\Demos\Real Life Trial Data (Demo 5)\train\audio_model\extracted_audio\truthful\trial_truth_033.wav,0,truthful,7.5,12.5,17.02025
trial_truth_033,d:\NSBM\3rd Year\Final Year Project\Product Development\Github\Mutimodal-Deception-Dectection\Demos\Real Life Trial Data (Demo 5)\train\audio_model\extracted_audio\truthful\trial_truth_033.wav,0,truthful,10.0,15.0,17.02025
trial_truth_034,d:\NSBM\3rd Year\Final Year Project\Product Development\Github\Mutimodal-Deception-Dectection\Demos\Real Life Trial Data (Demo 5)\train\audio_model\extracted_audio\truthful\trial_truth_034.wav,0,truthful,0.0,5.0,31.021875
trial_truth_034,d:\NSBM\3rd Year\Final Year Project\Product Development\Github\Mutimodal-Deception-Dectection\Demos\Real Life Trial Data (Demo 5)\train\audio_model\extracted_audio\truthful\trial_truth_034.wav,0,truthful,2.5,7.5,31.021875
trial_truth_034,d:\NSBM\3rd Year\Final Year Project\Product Development\Github\Mutimodal-Deception-Dectection\Demos\Real Life Trial Data (Demo 5)\train\audio_model\extracted_audio\truthful\trial_truth_034.wav,0,truthful,5.0,10.0,31.021875
trial_truth_034,d:\NSBM\3rd Year\Final Year Project\Product Development\Github\Mutimodal-Deception-Dectection\Demos\Real Life Trial Data (Demo 5)\train\audio_model\extracted_audio\truthful\trial_truth_034.wav,0,truthful,7.5,12.5,31.021875
trial_truth_034,d:\NSBM\3rd Year\Final Year Project\Product Development\Github\Mutimodal-Deception-Dectection\Demos\Real Life Trial Data (Demo 5)\train\audio_model\extracted_audio\truthful\trial_truth_034.wav,0,truthful,10.0,15.0,31.021875
trial_truth_034,d:\NSBM\3rd Year\Final Year Project\Product Development\Github\Mutimodal-Deception-Dectection\Demos\Real Life Trial Data (Demo 5)\train\audio_model\extracted_audio\truthful\trial_truth_034.wav,0,truthful,12.5,17.5,31.021875
trial_truth_034,d:\NSBM\3rd Year\Final Year Project\Product Development\Github\Mutimodal-Deception-Dectection\Demos\Real Life Trial Data (Demo 5)\train\audio_model\extracted_audio\truthful\trial_truth_034.wav,0,truthful,15.0,20.0,31.021875
trial_truth_034,d:\NSBM\3rd Year\Final Year Project\Product Development\Github\Mutimodal-Deception-Dectection\Demos\Real Life Trial Data (Demo 5)\train\audio_model\extracted_audio\truthful\trial_truth_034.wav,0,truthful,17.5,22.5,31.021875
trial_truth_034,d:\NSBM\3rd Year\Final Year Project\Product Development\Github\Mutimodal-Deception-Dectection\Demos\Real Life Trial Data (Demo 5)\train\audio_model\extracted_audio\truthful\trial_truth_034.wav,0,truthful,20.0,25.0,31.021875
trial_truth_034,d:\NSBM\3rd Year\Final Year Project\Product Development\Github\Mutimodal-Deception-Dectection\Demos\Real Life Trial Data (Demo 5)\train\audio_model\extracted_audio\truthful\trial_truth_034.wav,0,truthful,22.5,27.5,31.021875
trial_truth_034,d:\NSBM\3rd Year\Final Year Project\Product Development\Github\Mutimodal-Deception-Dectection\Demos\Real Life Trial Data (Demo 5)\train\audio_model\extracted_audio\truthful\trial_truth_034.wav,0,truthful,25.0,30.0,31.021875
trial_truth_035,d:\NSBM\3rd Year\Final Year Project\Product Development\Github\Mutimodal-Deception-Dectection\Demos\Real Life Trial Data (Demo 5)\train\audio_model\extracted_audio\truthful\trial_truth_035.wav,0,truthful,0.0,5.0,30.0001875
trial_truth_035,d:\NSBM\3rd Year\Final Year Project\Product Development\Github\Mutimodal-Deception-Dectection\Demos\Real Life Trial Data (Demo 5)\train\audio_model\extracted_audio\truthful\trial_truth_035.wav,0,truthful,2.5,7.5,30.0001875
trial_truth_035,d:\NSBM\3rd Year\Final Year Project\Product Development\Github\Mutimodal-Deception-Dectection\Demos\Real Life Trial Data (Demo 5)\train\audio_model\extracted_audio\truthful\trial_truth_035.wav,0,truthful,5.0,10.0,30.0001875
trial_truth_035,d:\NSBM\3rd Year\Final Year Project\Product Development\Github\Mutimodal-Deception-Dectection\Demos\Real Life Trial Data (Demo 5)\train\audio_model\extracted_audio\truthful\trial_truth_035.wav,0,truthful,7.5,12.5,30.0001875
trial_truth_035,d:\NSBM\3rd Year\Final Year Project\Product Development\Github\Mutimodal-Deception-Dectection\Demos\Real Life Trial Data (Demo 5)\train\audio_model\extracted_audio\truthful\trial_truth_035.wav,0,truthful,10.0,15.0,30.0001875
trial_truth_035,d:\NSBM\3rd Year\Final Year Project\Product Development\Github\Mutimodal-Deception-Dectection\Demos\Real Life Trial Data (Demo 5)\train\audio_model\extracted_audio\truthful\trial_truth_035.wav,0,truthful,12.5,17.5,30.0001875
trial_truth_035,d:\NSBM\3rd Year\Final Year Project\Product Development\Github\Mutimodal-Deception-Dectection\Demos\Real Life Trial Data (Demo 5)\train\audio_model\extracted_audio\truthful\trial_truth_035.wav,0,truthful,15.0,20.0,30.0001875
trial_truth_035,d:\NSBM\3rd Year\Final Year Project\Product Development\Github\Mutimodal-Deception-Dectection\Demos\Real Life Trial Data (Demo 5)\train\audio_model\extracted_audio\truthful\trial_truth_035.wav,0,truthful,17.5,22.5,30.0001875
trial_truth_035,d:\NSBM\3rd Year\Final Year Project\Product Development\Github\Mutimodal-Deception-Dectection\Demos\Real Life Trial Data (Demo 5)\train\audio_model\extracted_audio\truthful\trial_truth_035.wav,0,truthful,20.0,25.0,30.0001875
trial_truth_035,d:\NSBM\3rd Year\Final Year Project\Product Development\Github\Mutimodal-Deception-Dectection\Demos\Real Life Trial Data (Demo 5)\train\audio_model\extracted_audio\truthful\trial_truth_035.wav,0,truthful,22.5,27.5,30.0001875
trial_truth_035,d:\NSBM\3rd Year\Final Year Project\Product Development\Github\Mutimodal-Deception-Dectection\Demos\Real Life Trial Data (Demo 5)\train\audio_model\extracted_audio\truthful\trial_truth_035.wav,0,truthful,25.0,30.0,30.0001875
trial_truth_036,d:\NSBM\3rd Year\Final Year Project\Product Development\Github\Mutimodal-Deception-Dectection\Demos\Real Life Trial Data (Demo 5)\train\audio_model\extracted_audio\truthful\trial_truth_036.wav,0,truthful,0.0,5.0,37.012625
trial_truth_036,d:\NSBM\3rd Year\Final Year Project\Product Development\Github\Mutimodal-Deception-Dectection\Demos\Real Life Trial Data (Demo 5)\train\audio_model\extracted_audio\truthful\trial_truth_036.wav,0,truthful,2.5,7.5,37.012625
trial_truth_036,d:\NSBM\3rd Year\Final Year Project\Product Development\Github\Mutimodal-Deception-Dectection\Demos\Real Life Trial Data (Demo 5)\train\audio_model\extracted_audio\truthful\trial_truth_036.wav,0,truthful,5.0,10.0,37.012625
trial_truth_036,d:\NSBM\3rd Year\Final Year Project\Product Development\Github\Mutimodal-Deception-Dectection\Demos\Real Life Trial Data (Demo 5)\train\audio_model\extracted_audio\truthful\trial_truth_036.wav,0,truthful,7.5,12.5,37.012625
trial_truth_036,d:\NSBM\3rd Year\Final Year Project\Product Development\Github\Mutimodal-Deception-Dectection\Demos\Real Life Trial Data (Demo 5)\train\audio_model\extracted_audio\truthful\trial_truth_036.wav,0,truthful,10.0,15.0,37.012625
trial_truth_036,d:\NSBM\3rd Year\Final Year Project\Product Development\Github\Mutimodal-Deception-Dectection\Demos\Real Life Trial Data (Demo 5)\train\audio_model\extracted_audio\truthful\trial_truth_036.wav,0,truthful,12.5,17.5,37.012625
trial_truth_036,d:\NSBM\3rd Year\Final Year Project\Product Development\Github\Mutimodal-Deception-Dectection\Demos\Real Life Trial Data (Demo 5)\train\audio_model\extracted_audio\truthful\trial_truth_036.wav,0,truthful,15.0,20.0,37.012625
trial_truth_036,d:\NSBM\3rd Year\Final Year Project\Product Development\Github\Mutimodal-Deception-Dectection\Demos\Real Life Trial Data (Demo 5)\train\audio_model\extracted_audio\truthful\trial_truth_036.wav,0,truthful,17.5,22.5,37.012625
trial_truth_036,d:\NSBM\3rd Year\Final Year Project\Product Development\Github\Mutimodal-Deception-Dectection\Demos\Real Life Trial Data (Demo 5)\train\audio_model\extracted_audio\truthful\trial_truth_036.wav,0,truthful,20.0,25.0,37.012625
trial_truth_036,d:\NSBM\3rd Year\Final Year Project\Product Development\Github\Mutimodal-Deception-Dectection\Demos\Real Life Trial Data (Demo 5)\train\audio_model\extracted_audio\truthful\trial_truth_036.wav,0,truthful,22.5,27.5,37.012625
trial_truth_036,d:\NSBM\3rd Year\Final Year Project\Product Development\Github\Mutimodal-Deception-Dectection\Demos\Real Life Trial Data (Demo 5)\train\audio_model\extracted_audio\truthful\trial_truth_036.wav,0,truthful,25.0,30.0,37.012625
trial_truth_036,d:\NSBM\3rd Year\Final Year Project\Product Development\Github\Mutimodal-Deception-Dectection\Demos\Real Life Trial Data (Demo 5)\train\audio_model\extracted_audio\truthful\trial_truth_036.wav,0,truthful,27.5,32.5,37.012625
trial_truth_036,d:\NSBM\3rd Year\Final Year Project\Product Development\Github\Mutimodal-Deception-Dectection\Demos\Real Life Trial Data (Demo 5)\train\audio_model\extracted_audio\truthful\trial_truth_036.wav,0,truthful,30.0,35.0,37.012625
trial_truth_037,d:\NSBM\3rd Year\Final Year Project\Product Development\Github\Mutimodal-Deception-Dectection\Demos\Real Life Trial Data (Demo 5)\train\audio_model\extracted_audio\truthful\trial_truth_037.wav,0,truthful,0.0,5.0,22.0125
trial_truth_037,d:\NSBM\3rd Year\Final Year Project\Product Development\Github\Mutimodal-Deception-Dectection\Demos\Real Life Trial Data (Demo 5)\train\audio_model\extracted_audio\truthful\trial_truth_037.wav,0,truthful,2.5,7.5,22.0125
trial_truth_037,d:\NSBM\3rd Year\Final Year Project\Product Development\Github\Mutimodal-Deception-Dectection\Demos\Real Life Trial Data (Demo 5)\train\audio_model\extracted_audio\truthful\trial_truth_037.wav,0,truthful,5.0,10.0,22.0125
trial_truth_037,d:\NSBM\3rd Year\Final Year Project\Product Development\Github\Mutimodal-Deception-Dectection\Demos\Real Life Trial Data (Demo 5)\train\audio_model\extracted_audio\truthful\trial_truth_037.wav,0,truthful,7.5,12.5,22.0125
trial_truth_037,d:\NSBM\3rd Year\Final Year Project\Product Development\Github\Mutimodal-Deception-Dectection\Demos\Real Life Trial Data (Demo 5)\train\audio_model\extracted_audio\truthful\trial_truth_037.wav,0,truthful,10.0,15.0,22.0125
trial_truth_037,d:\NSBM\3rd Year\Final Year Project\Product Development\Github\Mutimodal-Deception-Dectection\Demos\Real Life Trial Data (Demo 5)\train\audio_model\extracted_audio\truthful\trial_truth_037.wav,0,truthful,12.5,17.5,22.0125
trial_truth_037,d:\NSBM\3rd Year\Final Year Project\Product Development\Github\Mutimodal-Deception-Dectection\Demos\Real Life Trial Data (Demo 5)\train\audio_model\extracted_audio\truthful\trial_truth_037.wav,0,truthful,15.0,20.0,22.0125
trial_truth_038,d:\NSBM\3rd Year\Final Year Project\Product Development\Github\Mutimodal-Deception-Dectection\Demos\Real Life Trial Data (Demo 5)\train\audio_model\extracted_audio\truthful\trial_truth_038.wav,0,truthful,0.0,5.0,19.017125
trial_truth_038,d:\NSBM\3rd Year\Final Year Project\Product Development\Github\Mutimodal-Deception-Dectection\Demos\Real Life Trial Data (Demo 5)\train\audio_model\extracted_audio\truthful\trial_truth_038.wav,0,truthful,2.5,7.5,19.017125
trial_truth_038,d:\NSBM\3rd Year\Final Year Project\Product Development\Github\Mutimodal-Deception-Dectection\Demos\Real Life Trial Data (Demo 5)\train\audio_model\extracted_audio\truthful\trial_truth_038.wav,0,truthful,5.0,10.0,19.017125
trial_truth_038,d:\NSBM\3rd Year\Final Year Project\Product Development\Github\Mutimodal-Deception-Dectection\Demos\Real Life Trial Data (Demo 5)\train\audio_model\extracted_audio\truthful\trial_truth_038.wav,0,truthful,7.5,12.5,19.017125
trial_truth_038,d:\NSBM\3rd Year\Final Year Project\Product Development\Github\Mutimodal-Deception-Dectection\Demos\Real Life Trial Data (Demo 5)\train\audio_model\extracted_audio\truthful\trial_truth_038.wav,0,truthful,10.0,15.0,19.017125
trial_truth_038,d:\NSBM\3rd Year\Final Year Project\Product Development\Github\Mutimodal-Deception-Dectection\Demos\Real Life Trial Data (Demo 5)\train\audio_model\extracted_audio\truthful\trial_truth_038.wav,0,truthful,12.5,17.5,19.017125
trial_truth_039,d:\NSBM\3rd Year\Final Year Project\Product Development\Github\Mutimodal-Deception-Dectection\Demos\Real Life Trial Data (Demo 5)\train\audio_model\extracted_audio\truthful\trial_truth_039.wav,0,truthful,0.0,5.0,32.0203125
trial_truth_039,d:\NSBM\3rd Year\Final Year Project\Product Development\Github\Mutimodal-Deception-Dectection\Demos\Real Life Trial Data (Demo 5)\train\audio_model\extracted_audio\truthful\trial_truth_039.wav,0,truthful,2.5,7.5,32.0203125
trial_truth_039,d:\NSBM\3rd Year\Final Year Project\Product Development\Github\Mutimodal-Deception-Dectection\Demos\Real Life Trial Data (Demo 5)\train\audio_model\extracted_audio\truthful\trial_truth_039.wav,0,truthful,5.0,10.0,32.0203125
trial_truth_039,d:\NSBM\3rd Year\Final Year Project\Product Development\Github\Mutimodal-Deception-Dectection\Demos\Real Life Trial Data (Demo 5)\train\audio_model\extracted_audio\truthful\trial_truth_039.wav,0,truthful,7.5,12.5,32.0203125
trial_truth_039,d:\NSBM\3rd Year\Final Year Project\Product Development\Github\Mutimodal-Deception-Dectection\Demos\Real Life Trial Data (Demo 5)\train\audio_model\extracted_audio\truthful\trial_truth_039.wav,0,truthful,10.0,15.0,32.0203125
trial_truth_039,d:\NSBM\3rd Year\Final Year Project\Product Development\Github\Mutimodal-Deception-Dectection\Demos\Real Life Trial Data (Demo 5)\train\audio_model\extracted_audio\truthful\trial_truth_039.wav,0,truthful,12.5,17.5,32.0203125
trial_truth_039,d:\NSBM\3rd Year\Final Year Project\Product Development\Github\Mutimodal-Deception-Dectection\Demos\Real Life Trial Data (Demo 5)\train\audio_model\extracted_audio\truthful\trial_truth_039.wav,0,truthful,15.0,20.0,32.0203125
trial_truth_039,d:\NSBM\3rd Year\Final Year Project\Product Development\Github\Mutimodal-Deception-Dectection\Demos\Real Life Trial Data (Demo 5)\train\audio_model\extracted_audio\truthful\trial_truth_039.wav,0,truthful,17.5,22.5,32.0203125
trial_truth_039,d:\NSBM\3rd Year\Final Year Project\Product Development\Github\Mutimodal-Deception-Dectection\Demos\Real Life Trial Data (Demo 5)\train\audio_model\extracted_audio\truthful\trial_truth_039.wav,0,truthful,20.0,25.0,32.0203125
trial_truth_039,d:\NSBM\3rd Year\Final Year Project\Product Development\Github\Mutimodal-Deception-Dectection\Demos\Real Life Trial Data (Demo 5)\train\audio_model\extracted_audio\truthful\trial_truth_039.wav,0,truthful,22.5,27.5,32.0203125
trial_truth_039,d:\NSBM\3rd Year\Final Year Project\Product Development\Github\Mutimodal-Deception-Dectection\Demos\Real Life Trial Data (Demo 5)\train\audio_model\extracted_audio\truthful\trial_truth_039.wav,0,truthful,25.0,30.0,32.0203125
trial_truth_040,d:\NSBM\3rd Year\Final Year Project\Product Development\Github\Mutimodal-Deception-Dectection\Demos\Real Life Trial Data (Demo 5)\train\audio_model\extracted_audio\truthful\trial_truth_040.wav,0,truthful,0.0,5.0,31.021875
trial_truth_040,d:\NSBM\3rd Year\Final Year Project\Product Development\Github\Mutimodal-Deception-Dectection\Demos\Real Life Trial Data (Demo 5)\train\audio_model\extracted_audio\truthful\trial_truth_040.wav,0,truthful,2.5,7.5,31.021875
trial_truth_040,d:\NSBM\3rd Year\Final Year Project\Product Development\Github\Mutimodal-Deception-Dectection\Demos\Real Life Trial Data (Demo 5)\train\audio_model\extracted_audio\truthful\trial_truth_040.wav,0,truthful,5.0,10.0,31.021875
trial_truth_040,d:\NSBM\3rd Year\Final Year Project\Product Development\Github\Mutimodal-Deception-Dectection\Demos\Real Life Trial Data (Demo 5)\train\audio_model\extracted_audio\truthful\trial_truth_040.wav,0,truthful,7.5,12.5,31.021875
trial_truth_040,d:\NSBM\3rd Year\Final Year Project\Product Development\Github\Mutimodal-Deception-Dectection\Demos\Real Life Trial Data (Demo 5)\train\audio_model\extracted_audio\truthful\trial_truth_040.wav,0,truthful,10.0,15.0,31.021875
trial_truth_040,d:\NSBM\3rd Year\Final Year Project\Product Development\Github\Mutimodal-Deception-Dectection\Demos\Real Life Trial Data (Demo 5)\train\audio_model\extracted_audio\truthful\trial_truth_040.wav,0,truthful,12.5,17.5,31.021875
trial_truth_040,d:\NSBM\3rd Year\Final Year Project\Product Development\Github\Mutimodal-Deception-Dectection\Demos\Real Life Trial Data (Demo 5)\train\audio_model\extracted_audio\truthful\trial_truth_040.wav,0,truthful,15.0,20.0,31.021875
trial_truth_040,d:\NSBM\3rd Year\Final Year Project\Product Development\Github\Mutimodal-Deception-Dectection\Demos\Real Life Trial Data (Demo 5)\train\audio_model\extracted_audio\truthful\trial_truth_040.wav,0,truthful,17.5,22.5,31.021875
trial_truth_040,d:\NSBM\3rd Year\Final Year Project\Product Development\Github\Mutimodal-Deception-Dectection\Demos\Real Life Trial Data (Demo 5)\train\audio_model\extracted_audio\truthful\trial_truth_040.wav,0,truthful,20.0,25.0,31.021875
trial_truth_040,d:\NSBM\3rd Year\Final Year Project\Product Development\Github\Mutimodal-Deception-Dectection\Demos\Real Life Trial Data (Demo 5)\train\audio_model\extracted_audio\truthful\trial_truth_040.wav,0,truthful,22.5,27.5,31.021875
trial_truth_040,d:\NSBM\3rd Year\Final Year Project\Product Development\Github\Mutimodal-Deception-Dectection\Demos\Real Life Trial Data (Demo 5)\train\audio_model\extracted_audio\truthful\trial_truth_040.wav,0,truthful,25.0,30.0,31.021875
trial_truth_041,d:\NSBM\3rd Year\Final Year Project\Product Development\Github\Mutimodal-Deception-Dectection\Demos\Real Life Trial Data (Demo 5)\train\audio_model\extracted_audio\truthful\trial_truth_041.wav,0,truthful,0.0,5.0,34.01725
trial_truth_041,d:\NSBM\3rd Year\Final Year Project\Product Development\Github\Mutimodal-Deception-Dectection\Demos\Real Life Trial Data (Demo 5)\train\audio_model\extracted_audio\truthful\trial_truth_041.wav,0,truthful,2.5,7.5,34.01725
trial_truth_041,d:\NSBM\3rd Year\Final Year Project\Product Development\Github\Mutimodal-Deception-Dectection\Demos\Real Life Trial Data (Demo 5)\train\audio_model\extracted_audio\truthful\trial_truth_041.wav,0,truthful,5.0,10.0,34.01725
trial_truth_041,d:\NSBM\3rd Year\Final Year Project\Product Development\Github\Mutimodal-Deception-Dectection\Demos\Real Life Trial Data (Demo 5)\train\audio_model\extracted_audio\truthful\trial_truth_041.wav,0,truthful,7.5,12.5,34.01725
trial_truth_041,d:\NSBM\3rd Year\Final Year Project\Product Development\Github\Mutimodal-Deception-Dectection\Demos\Real Life Trial Data (Demo 5)\train\audio_model\extracted_audio\truthful\trial_truth_041.wav,0,truthful,10.0,15.0,34.01725
trial_truth_041,d:\NSBM\3rd Year\Final Year Project\Product Development\Github\Mutimodal-Deception-Dectection\Demos\Real Life Trial Data (Demo 5)\train\audio_model\extracted_audio\truthful\trial_truth_041.wav,0,truthful,12.5,17.5,34.01725
trial_truth_041,d:\NSBM\3rd Year\Final Year Project\Product Development\Github\Mutimodal-Deception-Dectection\Demos\Real Life Trial Data (Demo 5)\train\audio_model\extracted_audio\truthful\trial_truth_041.wav,0,truthful,15.0,20.0,34.01725
trial_truth_041,d:\NSBM\3rd Year\Final Year Project\Product Development\Github\Mutimodal-Deception-Dectection\Demos\Real Life Trial Data (Demo 5)\train\audio_model\extracted_audio\truthful\trial_truth_041.wav,0,truthful,17.5,22.5,34.01725
trial_truth_041,d:\NSBM\3rd Year\Final Year Project\Product Development\Github\Mutimodal-Deception-Dectection\Demos\Real Life Trial Data (Demo 5)\train\audio_model\extracted_audio\truthful\trial_truth_041.wav,0,truthful,20.0,25.0,34.01725
trial_truth_041,d:\NSBM\3rd Year\Final Year Project\Product Development\Github\Mutimodal-Deception-Dectection\Demos\Real Life Trial Data (Demo 5)\train\audio_model\extracted_audio\truthful\trial_truth_041.wav,0,truthful,22.5,27.5,34.01725
trial_truth_041,d:\NSBM\3rd Year\Final Year Project\Product Development\Github\Mutimodal-Deception-Dectection\Demos\Real Life Trial Data (Demo 5)\train\audio_model\extracted_audio\truthful\trial_truth_041.wav,0,truthful,25.0,30.0,34.01725
trial_truth_041,d:\NSBM\3rd Year\Final Year Project\Product Development\Github\Mutimodal-Deception-Dectection\Demos\Real Life Trial Data (Demo 5)\train\audio_model\extracted_audio\truthful\trial_truth_041.wav,0,truthful,27.5,32.5,34.01725
trial_truth_042,d:\NSBM\3rd Year\Final Year Project\Product Development\Github\Mutimodal-Deception-Dectection\Demos\Real Life Trial Data (Demo 5)\train\audio_model\extracted_audio\truthful\trial_truth_042.wav,0,truthful,0.0,5.0,30.0001875
trial_truth_042,d:\NSBM\3rd Year\Final Year Project\Product Development\Github\Mutimodal-Deception-Dectection\Demos\Real Life Trial Data (Demo 5)\train\audio_model\extracted_audio\truthful\trial_truth_042.wav,0,truthful,2.5,7.5,30.0001875
trial_truth_042,d:\NSBM\3rd Year\Final Year Project\Product Development\Github\Mutimodal-Deception-Dectection\Demos\Real Life Trial Data (Demo 5)\train\audio_model\extracted_audio\truthful\trial_truth_042.wav,0,truthful,5.0,10.0,30.0001875
trial_truth_042,d:\NSBM\3rd Year\Final Year Project\Product Development\Github\Mutimodal-Deception-Dectection\Demos\Real Life Trial Data (Demo 5)\train\audio_model\extracted_audio\truthful\trial_truth_042.wav,0,truthful,7.5,12.5,30.0001875
trial_truth_042,d:\NSBM\3rd Year\Final Year Project\Product Development\Github\Mutimodal-Deception-Dectection\Demos\Real Life Trial Data (Demo 5)\train\audio_model\extracted_audio\truthful\trial_truth_042.wav,0,truthful,10.0,15.0,30.0001875
trial_truth_042,d:\NSBM\3rd Year\Final Year Project\Product Development\Github\Mutimodal-Deception-Dectection\Demos\Real Life Trial Data (Demo 5)\train\audio_model\extracted_audio\truthful\trial_truth_042.wav,0,truthful,12.5,17.5,30.0001875
trial_truth_042,d:\NSBM\3rd Year\Final Year Project\Product Development\Github\Mutimodal-Deception-Dectection\Demos\Real Life Trial Data (Demo 5)\train\audio_model\extracted_audio\truthful\trial_truth_042.wav,0,truthful,15.0,20.0,30.0001875
trial_truth_042,d:\NSBM\3rd Year\Final Year Project\Product Development\Github\Mutimodal-Deception-Dectection\Demos\Real Life Trial Data (Demo 5)\train\audio_model\extracted_audio\truthful\trial_truth_042.wav,0,truthful,17.5,22.5,30.0001875
trial_truth_042,d:\NSBM\3rd Year\Final Year Project\Product Development\Github\Mutimodal-Deception-Dectection\Demos\Real Life Trial Data (Demo 5)\train\audio_model\extracted_audio\truthful\trial_truth_042.wav,0,truthful,20.0,25.0,30.0001875
trial_truth_042,d:\NSBM\3rd Year\Final Year Project\Product Development\Github\Mutimodal-Deception-Dectection\Demos\Real Life Trial Data (Demo 5)\train\audio_model\extracted_audio\truthful\trial_truth_042.wav,0,truthful,22.5,27.5,30.0001875
trial_truth_042,d:\NSBM\3rd Year\Final Year Project\Product Development\Github\Mutimodal-Deception-Dectection\Demos\Real Life Trial Data (Demo 5)\train\audio_model\extracted_audio\truthful\trial_truth_042.wav,0,truthful,25.0,30.0,30.0001875
trial_truth_043,d:\NSBM\3rd Year\Final Year Project\Product Development\Github\Mutimodal-Deception-Dectection\Demos\Real Life Trial Data (Demo 5)\train\audio_model\extracted_audio\truthful\trial_truth_043.wav,0,truthful,0.0,5.0,22.0125
trial_truth_043,d:\NSBM\3rd Year\Final Year Project\Product Development\Github\Mutimodal-Deception-Dectection\Demos\Real Life Trial Data (Demo 5)\train\audio_model\extracted_audio\truthful\trial_truth_043.wav,0,truthful,2.5,7.5,22.0125
trial_truth_043,d:\NSBM\3rd Year\Final Year Project\Product Development\Github\Mutimodal-Deception-Dectection\Demos\Real Life Trial Data (Demo 5)\train\audio_model\extracted_audio\truthful\trial_truth_043.wav,0,truthful,5.0,10.0,22.0125
trial_truth_043,d:\NSBM\3rd Year\Final Year Project\Product Development\Github\Mutimodal-Deception-Dectection\Demos\Real Life Trial Data (Demo 5)\train\audio_model\extracted_audio\truthful\trial_truth_043.wav,0,truthful,7.5,12.5,22.0125
trial_truth_043,d:\NSBM\3rd Year\Final Year Project\Product Development\Github\Mutimodal-Deception-Dectection\Demos\Real Life Trial Data (Demo 5)\train\audio_model\extracted_audio\truthful\trial_truth_043.wav,0,truthful,10.0,15.0,22.0125
trial_truth_043,d:\NSBM\3rd Year\Final Year Project\Product Development\Github\Mutimodal-Deception-Dectection\Demos\Real Life Trial Data (Demo 5)\train\audio_model\extracted_audio\truthful\trial_truth_043.wav,0,truthful,12.5,17.5,22.0125
trial_truth_043,d:\NSBM\3rd Year\Final Year Project\Product Development\Github\Mutimodal-Deception-Dectection\Demos\Real Life Trial Data (Demo 5)\train\audio_model\extracted_audio\truthful\trial_truth_043.wav,0,truthful,15.0,20.0,22.0125
trial_truth_044,d:\NSBM\3rd Year\Final Year Project\Product Development\Github\Mutimodal-Deception-Dectection\Demos\Real Life Trial Data (Demo 5)\train\audio_model\extracted_audio\truthful\trial_truth_044.wav,0,truthful,0.0,5.0,21.0140625
trial_truth_044,d:\NSBM\3rd Year\Final Year Project\Product Development\Github\Mutimodal-Deception-Dectection\Demos\Real Life Trial Data (Demo 5)\train\audio_model\extracted_audio\truthful\trial_truth_044.wav,0,truthful,2.5,7.5,21.0140625
trial_truth_044,d:\NSBM\3rd Year\Final Year Project\Product Development\Github\Mutimodal-Deception-Dectection\Demos\Real Life Trial Data (Demo 5)\train\audio_model\extracted_audio\truthful\trial_truth_044.wav,0,truthful,5.0,10.0,21.0140625
trial_truth_044,d:\NSBM\3rd Year\Final Year Project\Product Development\Github\Mutimodal-Deception-Dectection\Demos\Real Life Trial Data (Demo 5)\train\audio_model\extracted_audio\truthful\trial_truth_044.wav,0,truthful,7.5,12.5,21.0140625
trial_truth_044,d:\NSBM\3rd Year\Final Year Project\Product Development\Github\Mutimodal-Deception-Dectection\Demos\Real Life Trial Data (Demo 5)\train\audio_model\extracted_audio\truthful\trial_truth_044.wav,0,truthful,10.0,15.0,21.0140625
trial_truth_044,d:\NSBM\3rd Year\Final Year Project\Product Development\Github\Mutimodal-Deception-Dectection\Demos\Real Life Trial Data (Demo 5)\train\audio_model\extracted_audio\truthful\trial_truth_044.wav,0,truthful,12.5,17.5,21.0140625
trial_truth_044,d:\NSBM\3rd Year\Final Year Project\Product Development\Github\Mutimodal-Deception-Dectection\Demos\Real Life Trial Data (Demo 5)\train\audio_model\extracted_audio\truthful\trial_truth_044.wav,0,truthful,15.0,20.0,21.0140625
trial_truth_045,d:\NSBM\3rd Year\Final Year Project\Product Development\Github\Mutimodal-Deception-Dectection\Demos\Real Life Trial Data (Demo 5)\train\audio_model\extracted_audio\truthful\trial_truth_045.wav,0,truthful,0.0,5.0,33.0188125
trial_truth_045,d:\NSBM\3rd Year\Final Year Project\Product Development\Github\Mutimodal-Deception-Dectection\Demos\Real Life Trial Data (Demo 5)\train\audio_model\extracted_audio\truthful\trial_truth_045.wav,0,truthful,2.5,7.5,33.0188125
trial_truth_045,d:\NSBM\3rd Year\Final Year Project\Product Development\Github\Mutimodal-Deception-Dectection\Demos\Real Life Trial Data (Demo 5)\train\audio_model\extracted_audio\truthful\trial_truth_045.wav,0,truthful,5.0,10.0,33.0188125
trial_truth_045,d:\NSBM\3rd Year\Final Year Project\Product Development\Github\Mutimodal-Deception-Dectection\Demos\Real Life Trial Data (Demo 5)\train\audio_model\extracted_audio\truthful\trial_truth_045.wav,0,truthful,7.5,12.5,33.0188125
trial_truth_045,d:\NSBM\3rd Year\Final Year Project\Product Development\Github\Mutimodal-Deception-Dectection\Demos\Real Life Trial Data (Demo 5)\train\audio_model\extracted_audio\truthful\trial_truth_045.wav,0,truthful,10.0,15.0,33.0188125
trial_truth_045,d:\NSBM\3rd Year\Final Year Project\Product Development\Github\Mutimodal-Deception-Dectection\Demos\Real Life Trial Data (Demo 5)\train\audio_model\extracted_audio\truthful\trial_truth_045.wav,0,truthful,12.5,17.5,33.0188125
trial_truth_045,d:\NSBM\3rd Year\Final Year Project\Product Development\Github\Mutimodal-Deception-Dectection\Demos\Real Life Trial Data (Demo 5)\train\audio_model\extracted_audio\truthful\trial_truth_045.wav,0,truthful,15.0,20.0,33.0188125
trial_truth_045,d:\NSBM\3rd Year\Final Year Project\Product Development\Github\Mutimodal-Deception-Dectection\Demos\Real Life Trial Data (Demo 5)\train\audio_model\extracted_audio\truthful\trial_truth_045.wav,0,truthful,17.5,22.5,33.0188125
trial_truth_045,d:\NSBM\3rd Year\Final Year Project\Product Development\Github\Mutimodal-Deception-Dectection\Demos\Real Life Trial Data (Demo 5)\train\audio_model\extracted_audio\truthful\trial_truth_045.wav,0,truthful,20.0,25.0,33.0188125
trial_truth_045,d:\NSBM\3rd Year\Final Year Project\Product Development\Github\Mutimodal-Deception-Dectection\Demos\Real Life Trial Data (Demo 5)\train\audio_model\extracted_audio\truthful\trial_truth_045.wav,0,truthful,22.5,27.5,33.0188125
trial_truth_045,d:\NSBM\3rd Year\Final Year Project\Product Development\Github\Mutimodal-Deception-Dectection\Demos\Real Life Trial Data (Demo 5)\train\audio_model\extracted_audio\truthful\trial_truth_045.wav,0,truthful,25.0,30.0,33.0188125
trial_truth_045,d:\NSBM\3rd Year\Final Year Project\Product Development\Github\Mutimodal-Deception-Dectection\Demos\Real Life Trial Data (Demo 5)\train\audio_model\extracted_audio\truthful\trial_truth_045.wav,0,truthful,27.5,32.5,33.0188125
trial_truth_046,d:\NSBM\3rd Year\Final Year Project\Product Development\Github\Mutimodal-Deception-Dectection\Demos\Real Life Trial Data (Demo 5)\train\audio_model\extracted_audio\truthful\trial_truth_046.wav,0,truthful,0.0,5.0,37.012625
trial_truth_046,d:\NSBM\3rd Year\Final Year Project\Product Development\Github\Mutimodal-Deception-Dectection\Demos\Real Life Trial Data (Demo 5)\train\audio_model\extracted_audio\truthful\trial_truth_046.wav,0,truthful,2.5,7.5,37.012625
trial_truth_046,d:\NSBM\3rd Year\Final Year Project\Product Development\Github\Mutimodal-Deception-Dectection\Demos\Real Life Trial Data (Demo 5)\train\audio_model\extracted_audio\truthful\trial_truth_046.wav,0,truthful,5.0,10.0,37.012625
trial_truth_046,d:\NSBM\3rd Year\Final Year Project\Product Development\Github\Mutimodal-Deception-Dectection\Demos\Real Life Trial Data (Demo 5)\train\audio_model\extracted_audio\truthful\trial_truth_046.wav,0,truthful,7.5,12.5,37.012625
trial_truth_046,d:\NSBM\3rd Year\Final Year Project\Product Development\Github\Mutimodal-Deception-Dectection\Demos\Real Life Trial Data (Demo 5)\train\audio_model\extracted_audio\truthful\trial_truth_046.wav,0,truthful,10.0,15.0,37.012625
trial_truth_046,d:\NSBM\3rd Year\Final Year Project\Product Development\Github\Mutimodal-Deception-Dectection\Demos\Real Life Trial Data (Demo 5)\train\audio_model\extracted_audio\truthful\trial_truth_046.wav,0,truthful,12.5,17.5,37.012625
trial_truth_046,d:\NSBM\3rd Year\Final Year Project\Product Development\Github\Mutimodal-Deception-Dectection\Demos\Real Life Trial Data (Demo 5)\train\audio_model\extracted_audio\truthful\trial_truth_046.wav,0,truthful,15.0,20.0,37.012625
trial_truth_046,d:\NSBM\3rd Year\Final Year Project\Product Development\Github\Mutimodal-Deception-Dectection\Demos\Real Life Trial Data (Demo 5)\train\audio_model\extracted_audio\truthful\trial_truth_046.wav,0,truthful,17.5,22.5,37.012625
trial_truth_046,d:\NSBM\3rd Year\Final Year Project\Product Development\Github\Mutimodal-Deception-Dectection\Demos\Real Life Trial Data (Demo 5)\train\audio_model\extracted_audio\truthful\trial_truth_046.wav,0,truthful,20.0,25.0,37.012625
trial_truth_046,d:\NSBM\3rd Year\Final Year Project\Product Development\Github\Mutimodal-Deception-Dectection\Demos\Real Life Trial Data (Demo 5)\train\audio_model\extracted_audio\truthful\trial_truth_046.wav,0,truthful,22.5,27.5,37.012625
trial_truth_046,d:\NSBM\3rd Year\Final Year Project\Product Development\Github\Mutimodal-Deception-Dectection\Demos\Real Life Trial Data (Demo 5)\train\audio_model\extracted_audio\truthful\trial_truth_046.wav,0,truthful,25.0,30.0,37.012625
trial_truth_046,d:\NSBM\3rd Year\Final Year Project\Product Development\Github\Mutimodal-Deception-Dectection\Demos\Real Life Trial Data (Demo 5)\train\audio_model\extracted_audio\truthful\trial_truth_046.wav,0,truthful,27.5,32.5,37.012625
trial_truth_046,d:\NSBM\3rd Year\Final Year Project\Product Development\Github\Mutimodal-Deception-Dectection\Demos\Real Life Trial Data (Demo 5)\train\audio_model\extracted_audio\truthful\trial_truth_046.wav,0,truthful,30.0,35.0,37.012625
trial_truth_047,d:\NSBM\3rd Year\Final Year Project\Product Development\Github\Mutimodal-Deception-Dectection\Demos\Real Life Trial Data (Demo 5)\train\audio_model\extracted_audio\truthful\trial_truth_047.wav,0,truthful,0.0,5.0,26.006375
trial_truth_047,d:\NSBM\3rd Year\Final Year Project\Product Development\Github\Mutimodal-Deception-Dectection\Demos\Real Life Trial Data (Demo 5)\train\audio_model\extracted_audio\truthful\trial_truth_047.wav,0,truthful,2.5,7.5,26.006375
trial_truth_047,d:\NSBM\3rd Year\Final Year Project\Product Development\Github\Mutimodal-Deception-Dectection\Demos\Real Life Trial Data (Demo 5)\train\audio_model\extracted_audio\truthful\trial_truth_047.wav,0,truthful,5.0,10.0,26.006375
trial_truth_047,d:\NSBM\3rd Year\Final Year Project\Product Development\Github\Mutimodal-Deception-Dectection\Demos\Real Life Trial Data (Demo 5)\train\audio_model\extracted_audio\truthful\trial_truth_047.wav,0,truthful,7.5,12.5,26.006375
trial_truth_047,d:\NSBM\3rd Year\Final Year Project\Product Development\Github\Mutimodal-Deception-Dectection\Demos\Real Life Trial Data (Demo 5)\train\audio_model\extracted_audio\truthful\trial_truth_047.wav,0,truthful,10.0,15.0,26.006375
trial_truth_047,d:\NSBM\3rd Year\Final Year Project\Product Development\Github\Mutimodal-Deception-Dectection\Demos\Real Life Trial Data (Demo 5)\train\audio_model\extracted_audio\truthful\trial_truth_047.wav,0,truthful,12.5,17.5,26.006375
trial_truth_047,d:\NSBM\3rd Year\Final Year Project\Product Development\Github\Mutimodal-Deception-Dectection\Demos\Real Life Trial Data (Demo 5)\train\audio_model\extracted_audio\truthful\trial_truth_047.wav,0,truthful,15.0,20.0,26.006375
trial_truth_047,d:\NSBM\3rd Year\Final Year Project\Product Development\Github\Mutimodal-Deception-Dectection\Demos\Real Life Trial Data (Demo 5)\train\audio_model\extracted_audio\truthful\trial_truth_047.wav,0,truthful,17.5,22.5,26.006375
trial_truth_047,d:\NSBM\3rd Year\Final Year Project\Product Development\Github\Mutimodal-Deception-Dectection\Demos\Real Life Trial Data (Demo 5)\train\audio_model\extracted_audio\truthful\trial_truth_047.wav,0,truthful,20.0,25.0,26.006375
trial_truth_048,d:\NSBM\3rd Year\Final Year Project\Product Development\Github\Mutimodal-Deception-Dectection\Demos\Real Life Trial Data (Demo 5)\train\audio_model\extracted_audio\truthful\trial_truth_048.wav,0,truthful,0.0,5.0,26.006375
trial_truth_048,d:\NSBM\3rd Year\Final Year Project\Product Development\Github\Mutimodal-Deception-Dectection\Demos\Real Life Trial Data (Demo 5)\train\audio_model\extracted_audio\truthful\trial_truth_048.wav,0,truthful,2.5,7.5,26.006375
trial_truth_048,d:\NSBM\3rd Year\Final Year Project\Product Development\Github\Mutimodal-Deception-Dectection\Demos\Real Life Trial Data (Demo 5)\train\audio_model\extracted_audio\truthful\trial_truth_048.wav,0,truthful,5.0,10.0,26.006375
trial_truth_048,d:\NSBM\3rd Year\Final Year Project\Product Development\Github\Mutimodal-Deception-Dectection\Demos\Real Life Trial Data (Demo 5)\train\audio_model\extracted_audio\truthful\trial_truth_048.wav,0,truthful,7.5,12.5,26.006375
trial_truth_048,d:\NSBM\3rd Year\Final Year Project\Product Development\Github\Mutimodal-Deception-Dectection\Demos\Real Life Trial Data (Demo 5)\train\audio_model\extracted_audio\truthful\trial_truth_048.wav,0,truthful,10.0,15.0,26.006375
trial_truth_048,d:\NSBM\3rd Year\Final Year Project\Product Development\Github\Mutimodal-Deception-Dectection\Demos\Real Life Trial Data (Demo 5)\train\audio_model\extracted_audio\truthful\trial_truth_048.wav,0,truthful,12.5,17.5,26.006375
trial_truth_048,d:\NSBM\3rd Year\Final Year Project\Product Development\Github\Mutimodal-Deception-Dectection\Demos\Real Life Trial Data (Demo 5)\train\audio_model\extracted_audio\truthful\trial_truth_048.wav,0,truthful,15.0,20.0,26.006375
trial_truth_048,d:\NSBM\3rd Year\Final Year Project\Product Development\Github\Mutimodal-Deception-Dectection\Demos\Real Life Trial Data (Demo 5)\train\audio_model\extracted_audio\truthful\trial_truth_048.wav,0,truthful,17.5,22.5,26.006375
trial_truth_048,d:\NSBM\3rd Year\Final Year Project\Product Development\Github\Mutimodal-Deception-Dectection\Demos\Real Life Trial Data (Demo 5)\train\audio_model\extracted_audio\truthful\trial_truth_048.wav,0,truthful,20.0,25.0,26.006375
trial_truth_049,d:\NSBM\3rd Year\Final Year Project\Product Development\Github\Mutimodal-Deception-Dectection\Demos\Real Life Trial Data (Demo 5)\train\audio_model\extracted_audio\truthful\trial_truth_049.wav,0,truthful,0.0,5.0,30.0001875
trial_truth_049,d:\NSBM\3rd Year\Final Year Project\Product Development\Github\Mutimodal-Deception-Dectection\Demos\Real Life Trial Data (Demo 5)\train\audio_model\extracted_audio\truthful\trial_truth_049.wav,0,truthful,2.5,7.5,30.0001875
trial_truth_049,d:\NSBM\3rd Year\Final Year Project\Product Development\Github\Mutimodal-Deception-Dectection\Demos\Real Life Trial Data (Demo 5)\train\audio_model\extracted_audio\truthful\trial_truth_049.wav,0,truthful,5.0,10.0,30.0001875
trial_truth_049,d:\NSBM\3rd Year\Final Year Project\Product Development\Github\Mutimodal-Deception-Dectection\Demos\Real Life Trial Data (Demo 5)\train\audio_model\extracted_audio\truthful\trial_truth_049.wav,0,truthful,7.5,12.5,30.0001875
trial_truth_049,d:\NSBM\3rd Year\Final Year Project\Product Development\Github\Mutimodal-Deception-Dectection\Demos\Real Life Trial Data (Demo 5)\train\audio_model\extracted_audio\truthful\trial_truth_049.wav,0,truthful,10.0,15.0,30.0001875
trial_truth_049,d:\NSBM\3rd Year\Final Year Project\Product Development\Github\Mutimodal-Deception-Dectection\Demos\Real Life Trial Data (Demo 5)\train\audio_model\extracted_audio\truthful\trial_truth_049.wav,0,truthful,12.5,17.5,30.0001875
trial_truth_049,d:\NSBM\3rd Year\Final Year Project\Product Development\Github\Mutimodal-Deception-Dectection\Demos\Real Life Trial Data (Demo 5)\train\audio_model\extracted_audio\truthful\trial_truth_049.wav,0,truthful,15.0,20.0,30.0001875
trial_truth_049,d:\NSBM\3rd Year\Final Year Project\Product Development\Github\Mutimodal-Deception-Dectection\Demos\Real Life Trial Data (Demo 5)\train\audio_model\extracted_audio\truthful\trial_truth_049.wav,0,truthful,17.5,22.5,30.0001875
trial_truth_049,d:\NSBM\3rd Year\Final Year Project\Product Development\Github\Mutimodal-Deception-Dectection\Demos\Real Life Trial Data (Demo 5)\train\audio_model\extracted_audio\truthful\trial_truth_049.wav,0,truthful,20.0,25.0,30.0001875
trial_truth_049,d:\NSBM\3rd Year\Final Year Project\Product Development\Github\Mutimodal-Deception-Dectection\Demos\Real Life Trial Data (Demo 5)\train\audio_model\extracted_audio\truthful\trial_truth_049.wav,0,truthful,22.5,27.5,30.0001875
trial_truth_049,d:\NSBM\3rd Year\Final Year Project\Product Development\Github\Mutimodal-Deception-Dectection\Demos\Real Life Trial Data (Demo 5)\train\audio_model\extracted_audio\truthful\trial_truth_049.wav,0,truthful,25.0,30.0,30.0001875
trial_truth_050,d:\NSBM\3rd Year\Final Year Project\Product Development\Github\Mutimodal-Deception-Dectection\Demos\Real Life Trial Data (Demo 5)\train\audio_model\extracted_audio\truthful\trial_truth_050.wav,0,truthful,0.0,5.0,23.011
trial_truth_050,d:\NSBM\3rd Year\Final Year Project\Product Development\Github\Mutimodal-Deception-Dectection\Demos\Real Life Trial Data (Demo 5)\train\audio_model\extracted_audio\truthful\trial_truth_050.wav,0,truthful,2.5,7.5,23.011
trial_truth_050,d:\NSBM\3rd Year\Final Year Project\Product Development\Github\Mutimodal-Deception-Dectection\Demos\Real Life Trial Data (Demo 5)\train\audio_model\extracted_audio\truthful\trial_truth_050.wav,0,truthful,5.0,10.0,23.011
trial_truth_050,d:\NSBM\3rd Year\Final Year Project\Product Development\Github\Mutimodal-Deception-Dectection\Demos\Real Life Trial Data (Demo 5)\train\audio_model\extracted_audio\truthful\trial_truth_050.wav,0,truthful,7.5,12.5,23.011
trial_truth_050,d:\NSBM\3rd Year\Final Year Project\Product Development\Github\Mutimodal-Deception-Dectection\Demos\Real Life Trial Data (Demo 5)\train\audio_model\extracted_audio\truthful\trial_truth_050.wav,0,truthful,10.0,15.0,23.011
trial_truth_050,d:\NSBM\3rd Year\Final Year Project\Product Development\Github\Mutimodal-Deception-Dectection\Demos\Real Life Trial Data (Demo 5)\train\audio_model\extracted_audio\truthful\trial_truth_050.wav,0,truthful,12.5,17.5,23.011
trial_truth_050,d:\NSBM\3rd Year\Final Year Project\Product Development\Github\Mutimodal-Deception-Dectection\Demos\Real Life Trial Data (Demo 5)\train\audio_model\extracted_audio\truthful\trial_truth_050.wav,0,truthful,15.0,20.0,23.011
trial_truth_050,d:\NSBM\3rd Year\Final Year Project\Product Development\Github\Mutimodal-Deception-Dectection\Demos\Real Life Trial Data (Demo 5)\train\audio_model\extracted_audio\truthful\trial_truth_050.wav,0,truthful,17.5,22.5,23.011
trial_truth_051,d:\NSBM\3rd Year\Final Year Project\Product Development\Github\Mutimodal-Deception-Dectection\Demos\Real Life Trial Data (Demo 5)\train\audio_model\extracted_audio\truthful\trial_truth_051.wav,0,truthful,0.0,5.0,29.00175
trial_truth_051,d:\NSBM\3rd Year\Final Year Project\Product Development\Github\Mutimodal-Deception-Dectection\Demos\Real Life Trial Data (Demo 5)\train\audio_model\extracted_audio\truthful\trial_truth_051.wav,0,truthful,2.5,7.5,29.00175
trial_truth_051,d:\NSBM\3rd Year\Final Year Project\Product Development\Github\Mutimodal-Deception-Dectection\Demos\Real Life Trial Data (Demo 5)\train\audio_model\extracted_audio\truthful\trial_truth_051.wav,0,truthful,5.0,10.0,29.00175
trial_truth_051,d:\NSBM\3rd Year\Final Year Project\Product Development\Github\Mutimodal-Deception-Dectection\Demos\Real Life Trial Data (Demo 5)\train\audio_model\extracted_audio\truthful\trial_truth_051.wav,0,truthful,7.5,12.5,29.00175
trial_truth_051,d:\NSBM\3rd Year\Final Year Project\Product Development\Github\Mutimodal-Deception-Dectection\Demos\Real Life Trial Data (Demo 5)\train\audio_model\extracted_audio\truthful\trial_truth_051.wav,0,truthful,10.0,15.0,29.00175
trial_truth_051,d:\NSBM\3rd Year\Final Year Project\Product Development\Github\Mutimodal-Deception-Dectection\Demos\Real Life Trial Data (Demo 5)\train\audio_model\extracted_audio\truthful\trial_truth_051.wav,0,truthful,12.5,17.5,29.00175
trial_truth_051,d:\NSBM\3rd Year\Final Year Project\Product Development\Github\Mutimodal-Deception-Dectection\Demos\Real Life Trial Data (Demo 5)\train\audio_model\extracted_audio\truthful\trial_truth_051.wav,0,truthful,15.0,20.0,29.00175
trial_truth_051,d:\NSBM\3rd Year\Final Year Project\Product Development\Github\Mutimodal-Deception-Dectection\Demos\Real Life Trial Data (Demo 5)\train\audio_model\extracted_audio\truthful\trial_truth_051.wav,0,truthful,17.5,22.5,29.00175
trial_truth_051,d:\NSBM\3rd Year\Final Year Project\Product Development\Github\Mutimodal-Deception-Dectection\Demos\Real Life Trial Data (Demo 5)\train\audio_model\extracted_audio\truthful\trial_truth_051.wav,0,truthful,20.0,25.0,29.00175
trial_truth_051,d:\NSBM\3rd Year\Final Year Project\Product Development\Github\Mutimodal-Deception-Dectection\Demos\Real Life Trial Data (Demo 5)\train\audio_model\extracted_audio\truthful\trial_truth_051.wav,0,truthful,22.5,27.5,29.00175
trial_truth_052,d:\NSBM\3rd Year\Final Year Project\Product Development\Github\Mutimodal-Deception-Dectection\Demos\Real Life Trial Data (Demo 5)\train\audio_model\extracted_audio\truthful\trial_truth_052.wav,0,truthful,0.0,5.0,29.00175
trial_truth_052,d:\NSBM\3rd Year\Final Year Project\Product Development\Github\Mutimodal-Deception-Dectection\Demos\Real Life Trial Data (Demo 5)\train\audio_model\extracted_audio\truthful\trial_truth_052.wav,0,truthful,2.5,7.5,29.00175
trial_truth_052,d:\NSBM\3rd Year\Final Year Project\Product Development\Github\Mutimodal-Deception-Dectection\Demos\Real Life Trial Data (Demo 5)\train\audio_model\extracted_audio\truthful\trial_truth_052.wav,0,truthful,5.0,10.0,29.00175
trial_truth_052,d:\NSBM\3rd Year\Final Year Project\Product Development\Github\Mutimodal-Deception-Dectection\Demos\Real Life Trial Data (Demo 5)\train\audio_model\extracted_audio\truthful\trial_truth_052.wav,0,truthful,7.5,12.5,29.00175
trial_truth_052,d:\NSBM\3rd Year\Final Year Project\Product Development\Github\Mutimodal-Deception-Dectection\Demos\Real Life Trial Data (Demo 5)\train\audio_model\extracted_audio\truthful\trial_truth_052.wav,0,truthful,10.0,15.0,29.00175
trial_truth_052,d:\NSBM\3rd Year\Final Year Project\Product Development\Github\Mutimodal-Deception-Dectection\Demos\Real Life Trial Data (Demo 5)\train\audio_model\extracted_audio\truthful\trial_truth_052.wav,0,truthful,12.5,17.5,29.00175
trial_truth_052,d:\NSBM\3rd Year\Final Year Project\Product Development\Github\Mutimodal-Deception-Dectection\Demos\Real Life Trial Data (Demo 5)\train\audio_model\extracted_audio\truthful\trial_truth_052.wav,0,truthful,15.0,20.0,29.00175
trial_truth_052,d:\NSBM\3rd Year\Final Year Project\Product Development\Github\Mutimodal-Deception-Dectection\Demos\Real Life Trial Data (Demo 5)\train\audio_model\extracted_audio\truthful\trial_truth_052.wav,0,truthful,17.5,22.5,29.00175
trial_truth_052,d:\NSBM\3rd Year\Final Year Project\Product Development\Github\Mutimodal-Deception-Dectection\Demos\Real Life Trial Data (Demo 5)\train\audio_model\extracted_audio\truthful\trial_truth_052.wav,0,truthful,20.0,25.0,29.00175
trial_truth_052,d:\NSBM\3rd Year\Final Year Project\Product Development\Github\Mutimodal-Deception-Dectection\Demos\Real Life Trial Data (Demo 5)\train\audio_model\extracted_audio\truthful\trial_truth_052.wav,0,truthful,22.5,27.5,29.00175
trial_truth_053,d:\NSBM\3rd Year\Final Year Project\Product Development\Github\Mutimodal-Deception-Dectection\Demos\Real Life Trial Data (Demo 5)\train\audio_model\extracted_audio\truthful\trial_truth_053.wav,0,truthful,0.0,5.0,30.0001875
trial_truth_053,d:\NSBM\3rd Year\Final Year Project\Product Development\Github\Mutimodal-Deception-Dectection\Demos\Real Life Trial Data (Demo 5)\train\audio_model\extracted_audio\truthful\trial_truth_053.wav,0,truthful,2.5,7.5,30.0001875
trial_truth_053,d:\NSBM\3rd Year\Final Year Project\Product Development\Github\Mutimodal-Deception-Dectection\Demos\Real Life Trial Data (Demo 5)\train\audio_model\extracted_audio\truthful\trial_truth_053.wav,0,truthful,5.0,10.0,30.0001875
trial_truth_053,d:\NSBM\3rd Year\Final Year Project\Product Development\Github\Mutimodal-Deception-Dectection\Demos\Real Life Trial Data (Demo 5)\train\audio_model\extracted_audio\truthful\trial_truth_053.wav,0,truthful,7.5,12.5,30.0001875
trial_truth_053,d:\NSBM\3rd Year\Final Year Project\Product Development\Github\Mutimodal-Deception-Dectection\Demos\Real Life Trial Data (Demo 5)\train\audio_model\extracted_audio\truthful\trial_truth_053.wav,0,truthful,10.0,15.0,30.0001875
trial_truth_053,d:\NSBM\3rd Year\Final Year Project\Product Development\Github\Mutimodal-Deception-Dectection\Demos\Real Life Trial Data (Demo 5)\train\audio_model\extracted_audio\truthful\trial_truth_053.wav,0,truthful,12.5,17.5,30.0001875
trial_truth_053,d:\NSBM\3rd Year\Final Year Project\Product Development\Github\Mutimodal-Deception-Dectection\Demos\Real Life Trial Data (Demo 5)\train\audio_model\extracted_audio\truthful\trial_truth_053.wav,0,truthful,15.0,20.0,30.0001875
trial_truth_053,d:\NSBM\3rd Year\Final Year Project\Product Development\Github\Mutimodal-Deception-Dectection\Demos\Real Life Trial Data (Demo 5)\train\audio_model\extracted_audio\truthful\trial_truth_053.wav,0,truthful,17.5,22.5,30.0001875
trial_truth_053,d:\NSBM\3rd Year\Final Year Project\Product Development\Github\Mutimodal-Deception-Dectection\Demos\Real Life Trial Data (Demo 5)\train\audio_model\extracted_audio\truthful\trial_truth_053.wav,0,truthful,20.0,25.0,30.0001875
trial_truth_053,d:\NSBM\3rd Year\Final Year Project\Product Development\Github\Mutimodal-Deception-Dectection\Demos\Real Life Trial Data (Demo 5)\train\audio_model\extracted_audio\truthful\trial_truth_053.wav,0,truthful,22.5,27.5,30.0001875
trial_truth_053,d:\NSBM\3rd Year\Final Year Project\Product Development\Github\Mutimodal-Deception-Dectection\Demos\Real Life Trial Data (Demo 5)\train\audio_model\extracted_audio\truthful\trial_truth_053.wav,0,truthful,25.0,30.0,30.0001875
trial_truth_054,d:\NSBM\3rd Year\Final Year Project\Product Development\Github\Mutimodal-Deception-Dectection\Demos\Real Life Trial Data (Demo 5)\train\audio_model\extracted_audio\truthful\trial_truth_054.wav,0,truthful,0.0,5.0,24.0094375
trial_truth_054,d:\NSBM\3rd Year\Final Year Project\Product Development\Github\Mutimodal-Deception-Dectection\Demos\Real Life Trial Data (Demo 5)\train\audio_model\extracted_audio\truthful\trial_truth_054.wav,0,truthful,2.5,7.5,24.0094375
trial_truth_054,d:\NSBM\3rd Year\Final Year Project\Product Development\Github\Mutimodal-Deception-Dectection\Demos\Real Life Trial Data (Demo 5)\train\audio_model\extracted_audio\truthful\trial_truth_054.wav,0,truthful,5.0,10.0,24.0094375
trial_truth_054,d:\NSBM\3rd Year\Final Year Project\Product Development\Github\Mutimodal-Deception-Dectection\Demos\Real Life Trial Data (Demo 5)\train\audio_model\extracted_audio\truthful\trial_truth_054.wav,0,truthful,7.5,12.5,24.0094375
trial_truth_054,d:\NSBM\3rd Year\Final Year Project\Product Development\Github\Mutimodal-Deception-Dectection\Demos\Real Life Trial Data (Demo 5)\train\audio_model\extracted_audio\truthful\trial_truth_054.wav,0,truthful,10.0,15.0,24.0094375
trial_truth_054,d:\NSBM\3rd Year\Final Year Project\Product Development\Github\Mutimodal-Deception-Dectection\Demos\Real Life Trial Data (Demo 5)\train\audio_model\extracted_audio\truthful\trial_truth_054.wav,0,truthful,12.5,17.5,24.0094375
trial_truth_054,d:\NSBM\3rd Year\Final Year Project\Product Development\Github\Mutimodal-Deception-Dectection\Demos\Real Life Trial Data (Demo 5)\train\audio_model\extracted_audio\truthful\trial_truth_054.wav,0,truthful,15.0,20.0,24.0094375
trial_truth_054,d:\NSBM\3rd Year\Final Year Project\Product Development\Github\Mutimodal-Deception-Dectection\Demos\Real Life Trial Data (Demo 5)\train\audio_model\extracted_audio\truthful\trial_truth_054.wav,0,truthful,17.5,22.5,24.0094375
trial_truth_055,d:\NSBM\3rd Year\Final Year Project\Product Development\Github\Mutimodal-Deception-Dectection\Demos\Real Life Trial Data (Demo 5)\train\audio_model\extracted_audio\truthful\trial_truth_055.wav,0,truthful,0.0,5.0,29.00175
trial_truth_055,d:\NSBM\3rd Year\Final Year Project\Product Development\Github\Mutimodal-Deception-Dectection\Demos\Real Life Trial Data (Demo 5)\train\audio_model\extracted_audio\truthful\trial_truth_055.wav,0,truthful,2.5,7.5,29.00175
trial_truth_055,d:\NSBM\3rd Year\Final Year Project\Product Development\Github\Mutimodal-Deception-Dectection\Demos\Real Life Trial Data (Demo 5)\train\audio_model\extracted_audio\truthful\trial_truth_055.wav,0,truthful,5.0,10.0,29.00175
trial_truth_055,d:\NSBM\3rd Year\Final Year Project\Product Development\Github\Mutimodal-Deception-Dectection\Demos\Real Life Trial Data (Demo 5)\train\audio_model\extracted_audio\truthful\trial_truth_055.wav,0,truthful,7.5,12.5,29.00175
trial_truth_055,d:\NSBM\3rd Year\Final Year Project\Product Development\Github\Mutimodal-Deception-Dectection\Demos\Real Life Trial Data (Demo 5)\train\audio_model\extracted_audio\truthful\trial_truth_055.wav,0,truthful,10.0,15.0,29.00175
trial_truth_055,d:\NSBM\3rd Year\Final Year Project\Product Development\Github\Mutimodal-Deception-Dectection\Demos\Real Life Trial Data (Demo 5)\train\audio_model\extracted_audio\truthful\trial_truth_055.wav,0,truthful,12.5,17.5,29.00175
trial_truth_055,d:\NSBM\3rd Year\Final Year Project\Product Development\Github\Mutimodal-Deception-Dectection\Demos\Real Life Trial Data (Demo 5)\train\audio_model\extracted_audio\truthful\trial_truth_055.wav,0,truthful,15.0,20.0,29.00175
trial_truth_055,d:\NSBM\3rd Year\Final Year Project\Product Development\Github\Mutimodal-Deception-Dectection\Demos\Real Life Trial Data (Demo 5)\train\audio_model\extracted_audio\truthful\trial_truth_055.wav,0,truthful,17.5,22.5,29.00175
trial_truth_055,d:\NSBM\3rd Year\Final Year Project\Product Development\Github\Mutimodal-Deception-Dectection\Demos\Real Life Trial Data (Demo 5)\train\audio_model\extracted_audio\truthful\trial_truth_055.wav,0,truthful,20.0,25.0,29.00175
trial_truth_055,d:\NSBM\3rd Year\Final Year Project\Product Development\Github\Mutimodal-Deception-Dectection\Demos\Real Life Trial Data (Demo 5)\train\audio_model\extracted_audio\truthful\trial_truth_055.wav,0,truthful,22.5,27.5,29.00175
trial_truth_056,d:\NSBM\3rd Year\Final Year Project\Product Development\Github\Mutimodal-Deception-Dectection\Demos\Real Life Trial Data (Demo 5)\train\audio_model\extracted_audio\truthful\trial_truth_056.wav,0,truthful,0.0,5.0,34.01725
trial_truth_056,d:\NSBM\3rd Year\Final Year Project\Product Development\Github\Mutimodal-Deception-Dectection\Demos\Real Life Trial Data (Demo 5)\train\audio_model\extracted_audio\truthful\trial_truth_056.wav,0,truthful,2.5,7.5,34.01725
trial_truth_056,d:\NSBM\3rd Year\Final Year Project\Product Development\Github\Mutimodal-Deception-Dectection\Demos\Real Life Trial Data (Demo 5)\train\audio_model\extracted_audio\truthful\trial_truth_056.wav,0,truthful,5.0,10.0,34.01725
trial_truth_056,d:\NSBM\3rd Year\Final Year Project\Product Development\Github\Mutimodal-Deception-Dectection\Demos\Real Life Trial Data (Demo 5)\train\audio_model\extracted_audio\truthful\trial_truth_056.wav,0,truthful,7.5,12.5,34.01725
trial_truth_056,d:\NSBM\3rd Year\Final Year Project\Product Development\Github\Mutimodal-Deception-Dectection\Demos\Real Life Trial Data (Demo 5)\train\audio_model\extracted_audio\truthful\trial_truth_056.wav,0,truthful,10.0,15.0,34.01725
trial_truth_056,d:\NSBM\3rd Year\Final Year Project\Product Development\Github\Mutimodal-Deception-Dectection\Demos\Real Life Trial Data (Demo 5)\train\audio_model\extracted_audio\truthful\trial_truth_056.wav,0,truthful,12.5,17.5,34.01725
trial_truth_056,d:\NSBM\3rd Year\Final Year Project\Product Development\Github\Mutimodal-Deception-Dectection\Demos\Real Life Trial Data (Demo 5)\train\audio_model\extracted_audio\truthful\trial_truth_056.wav,0,truthful,15.0,20.0,34.01725
trial_truth_056,d:\NSBM\3rd Year\Final Year Project\Product Development\Github\Mutimodal-Deception-Dectection\Demos\Real Life Trial Data (Demo 5)\train\audio_model\extracted_audio\truthful\trial_truth_056.wav,0,truthful,17.5,22.5,34.01725
trial_truth_056,d:\NSBM\3rd Year\Final Year Project\Product Development\Github\Mutimodal-Deception-Dectection\Demos\Real Life Trial Data (Demo 5)\train\audio_model\extracted_audio\truthful\trial_truth_056.wav,0,truthful,20.0,25.0,34.01725
trial_truth_056,d:\NSBM\3rd Year\Final Year Project\Product Development\Github\Mutimodal-Deception-Dectection\Demos\Real Life Trial Data (Demo 5)\train\audio_model\extracted_audio\truthful\trial_truth_056.wav,0,truthful,22.5,27.5,34.01725
trial_truth_056,d:\NSBM\3rd Year\Final Year Project\Product Development\Github\Mutimodal-Deception-Dectection\Demos\Real Life Trial Data (Demo 5)\train\audio_model\extracted_audio\truthful\trial_truth_056.wav,0,truthful,25.0,30.0,34.01725
trial_truth_056,d:\NSBM\3rd Year\Final Year Project\Product Development\Github\Mutimodal-Deception-Dectection\Demos\Real Life Trial Data (Demo 5)\train\audio_model\extracted_audio\truthful\trial_truth_056.wav,0,truthful,27.5,32.5,34.01725
trial_truth_057,d:\NSBM\3rd Year\Final Year Project\Product Development\Github\Mutimodal-Deception-Dectection\Demos\Real Life Trial Data (Demo 5)\train\audio_model\extracted_audio\truthful\trial_truth_057.wav,0,truthful,0.0,5.0,38.0110625
trial_truth_057,d:\NSBM\3rd Year\Final Year Project\Product Development\Github\Mutimodal-Deception-Dectection\Demos\Real Life Trial Data (Demo 5)\train\audio_model\extracted_audio\truthful\trial_truth_057.wav,0,truthful,2.5,7.5,38.0110625
trial_truth_057,d:\NSBM\3rd Year\Final Year Project\Product Development\Github\Mutimodal-Deception-Dectection\Demos\Real Life Trial Data (Demo 5)\train\audio_model\extracted_audio\truthful\trial_truth_057.wav,0,truthful,5.0,10.0,38.0110625
trial_truth_057,d:\NSBM\3rd Year\Final Year Project\Product Development\Github\Mutimodal-Deception-Dectection\Demos\Real Life Trial Data (Demo 5)\train\audio_model\extracted_audio\truthful\trial_truth_057.wav,0,truthful,7.5,12.5,38.0110625
trial_truth_057,d:\NSBM\3rd Year\Final Year Project\Product Development\Github\Mutimodal-Deception-Dectection\Demos\Real Life Trial Data (Demo 5)\train\audio_model\extracted_audio\truthful\trial_truth_057.wav,0,truthful,10.0,15.0,38.0110625
trial_truth_057,d:\NSBM\3rd Year\Final Year Project\Product Development\Github\Mutimodal-Deception-Dectection\Demos\Real Life Trial Data (Demo 5)\train\audio_model\extracted_audio\truthful\trial_truth_057.wav,0,truthful,12.5,17.5,38.0110625
trial_truth_057,d:\NSBM\3rd Year\Final Year Project\Product Development\Github\Mutimodal-Deception-Dectection\Demos\Real Life Trial Data (Demo 5)\train\audio_model\extracted_audio\truthful\trial_truth_057.wav,0,truthful,15.0,20.0,38.0110625
trial_truth_057,d:\NSBM\3rd Year\Final Year Project\Product Development\Github\Mutimodal-Deception-Dectection\Demos\Real Life Trial Data (Demo 5)\train\audio_model\extracted_audio\truthful\trial_truth_057.wav,0,truthful,17.5,22.5,38.0110625
trial_truth_057,d:\NSBM\3rd Year\Final Year Project\Product Development\Github\Mutimodal-Deception-Dectection\Demos\Real Life Trial Data (Demo 5)\train\audio_model\extracted_audio\truthful\trial_truth_057.wav,0,truthful,20.0,25.0,38.0110625
trial_truth_057,d:\NSBM\3rd Year\Final Year Project\Product Development\Github\Mutimodal-Deception-Dectection\Demos\Real Life Trial Data (Demo 5)\train\audio_model\extracted_audio\truthful\trial_truth_057.wav,0,truthful,22.5,27.5,38.0110625
trial_truth_057,d:\NSBM\3rd Year\Final Year Project\Product Development\Github\Mutimodal-Deception-Dectection\Demos\Real Life Trial Data (Demo 5)\train\audio_model\extracted_audio\truthful\trial_truth_057.wav,0,truthful,25.0,30.0,38.0110625
trial_truth_057,d:\NSBM\3rd Year\Final Year Project\Product Development\Github\Mutimodal-Deception-Dectection\Demos\Real Life Trial Data (Demo 5)\train\audio_model\extracted_audio\truthful\trial_truth_057.wav,0,truthful,27.5,32.5,38.0110625
trial_truth_057,d:\NSBM\3rd Year\Final Year Project\Product Development\Github\Mutimodal-Deception-Dectection\Demos\Real Life Trial Data (Demo 5)\train\audio_model\extracted_audio\truthful\trial_truth_057.wav,0,truthful,30.0,35.0,38.0110625
trial_truth_057,d:\NSBM\3rd Year\Final Year Project\Product Development\Github\Mutimodal-Deception-Dectection\Demos\Real Life Trial Data (Demo 5)\train\audio_model\extracted_audio\truthful\trial_truth_057.wav,0,truthful,32.5,37.5,38.0110625
trial_truth_058,d:\NSBM\3rd Year\Final Year Project\Product Development\Github\Mutimodal-Deception-Dectection\Demos\Real Life Trial Data (Demo 5)\train\audio_model\extracted_audio\truthful\trial_truth_058.wav,0,truthful,0.0,5.0,21.0140625
trial_truth_058,d:\NSBM\3rd Year\Final Year Project\Product Development\Github\Mutimodal-Deception-Dectection\Demos\Real Life Trial Data (Demo 5)\train\audio_model\extracted_audio\truthful\trial_truth_058.wav,0,truthful,2.5,7.5,21.0140625
trial_truth_058,d:\NSBM\3rd Year\Final Year Project\Product Development\Github\Mutimodal-Deception-Dectection\Demos\Real Life Trial Data (Demo 5)\train\audio_model\extracted_audio\truthful\trial_truth_058.wav,0,truthful,5.0,10.0,21.0140625
trial_truth_058,d:\NSBM\3rd Year\Final Year Project\Product Development\Github\Mutimodal-Deception-Dectection\Demos\Real Life Trial Data (Demo 5)\train\audio_model\extracted_audio\truthful\trial_truth_058.wav,0,truthful,7.5,12.5,21.0140625
trial_truth_058,d:\NSBM\3rd Year\Final Year Project\Product Development\Github\Mutimodal-Deception-Dectection\Demos\Real Life Trial Data (Demo 5)\train\audio_model\extracted_audio\truthful\trial_truth_058.wav,0,truthful,10.0,15.0,21.0140625
trial_truth_058,d:\NSBM\3rd Year\Final Year Project\Product Development\Github\Mutimodal-Deception-Dectection\Demos\Real Life Trial Data (Demo 5)\train\audio_model\extracted_audio\truthful\trial_truth_058.wav,0,truthful,12.5,17.5,21.0140625
trial_truth_058,d:\NSBM\3rd Year\Final Year Project\Product Development\Github\Mutimodal-Deception-Dectection\Demos\Real Life Trial Data (Demo 5)\train\audio_model\extracted_audio\truthful\trial_truth_058.wav,0,truthful,15.0,20.0,21.0140625
trial_truth_059,d:\NSBM\3rd Year\Final Year Project\Product Development\Github\Mutimodal-Deception-Dectection\Demos\Real Life Trial Data (Demo 5)\train\audio_model\extracted_audio\truthful\trial_truth_059.wav,0,truthful,0.0,5.0,27.0048125
trial_truth_059,d:\NSBM\3rd Year\Final Year Project\Product Development\Github\Mutimodal-Deception-Dectection\Demos\Real Life Trial Data (Demo 5)\train\audio_model\extracted_audio\truthful\trial_truth_059.wav,0,truthful,2.5,7.5,27.0048125
trial_truth_059,d:\NSBM\3rd Year\Final Year Project\Product Development\Github\Mutimodal-Deception-Dectection\Demos\Real Life Trial Data (Demo 5)\train\audio_model\extracted_audio\truthful\trial_truth_059.wav,0,truthful,5.0,10.0,27.0048125
trial_truth_059,d:\NSBM\3rd Year\Final Year Project\Product Development\Github\Mutimodal-Deception-Dectection\Demos\Real Life Trial Data (Demo 5)\train\audio_model\extracted_audio\truthful\trial_truth_059.wav,0,truthful,7.5,12.5,27.0048125
trial_truth_059,d:\NSBM\3rd Year\Final Year Project\Product Development\Github\Mutimodal-Deception-Dectection\Demos\Real Life Trial Data (Demo 5)\train\audio_model\extracted_audio\truthful\trial_truth_059.wav,0,truthful,10.0,15.0,27.0048125
trial_truth_059,d:\NSBM\3rd Year\Final Year Project\Product Development\Github\Mutimodal-Deception-Dectection\Demos\Real Life Trial Data (Demo 5)\train\audio_model\extracted_audio\truthful\trial_truth_059.wav,0,truthful,12.5,17.5,27.0048125
trial_truth_059,d:\NSBM\3rd Year\Final Year Project\Product Development\Github\Mutimodal-Deception-Dectection\Demos\Real Life Trial Data (Demo 5)\train\audio_model\extracted_audio\truthful\trial_truth_059.wav,0,truthful,15.0,20.0,27.0048125
trial_truth_059,d:\NSBM\3rd Year\Final Year Project\Product Development\Github\Mutimodal-Deception-Dectection\Demos\Real Life Trial Data (Demo 5)\train\audio_model\extracted_audio\truthful\trial_truth_059.wav,0,truthful,17.5,22.5,27.0048125
trial_truth_059,d:\NSBM\3rd Year\Final Year Project\Product Development\Github\Mutimodal-Deception-Dectection\Demos\Real Life Trial Data (Demo 5)\train\audio_model\extracted_audio\truthful\trial_truth_059.wav,0,truthful,20.0,25.0,27.0048125
trial_truth_060,d:\NSBM\3rd Year\Final Year Project\Product Development\Github\Mutimodal-Deception-Dectection\Demos\Real Life Trial Data (Demo 5)\train\audio_model\extracted_audio\truthful\trial_truth_060.wav,0,truthful,0.0,5.0,20.015625
trial_truth_060,d:\NSBM\3rd Year\Final Year Project\Product Development\Github\Mutimodal-Deception-Dectection\Demos\Real Life Trial Data (Demo 5)\train\audio_model\extracted_audio\truthful\trial_truth_060.wav,0,truthful,2.5,7.5,20.015625
trial_truth_060,d:\NSBM\3rd Year\Final Year Project\Product Development\Github\Mutimodal-Deception-Dectection\Demos\Real Life Trial Data (Demo 5)\train\audio_model\extracted_audio\truthful\trial_truth_060.wav,0,truthful,5.0,10.0,20.015625
trial_truth_060,d:\NSBM\3rd Year\Final Year Project\Product Development\Github\Mutimodal-Deception-Dectection\Demos\Real Life Trial Data (Demo 5)\train\audio_model\extracted_audio\truthful\trial_truth_060.wav,0,truthful,7.5,12.5,20.015625
trial_truth_060,d:\NSBM\3rd Year\Final Year Project\Product Development\Github\Mutimodal-Deception-Dectection\Demos\Real Life Trial Data (Demo 5)\train\audio_model\extracted_audio\truthful\trial_truth_060.wav,0,truthful,10.0,15.0,20.015625
trial_truth_060,d:\NSBM\3rd Year\Final Year Project\Product Development\Github\Mutimodal-Deception-Dectection\Demos\Real Life Trial Data (Demo 5)\train\audio_model\extracted_audio\truthful\trial_truth_060.wav,0,truthful,12.5,17.5,20.015625
trial_truth_060,d:\NSBM\3rd Year\Final Year Project\Product Development\Github\Mutimodal-Deception-Dectection\Demos\Real Life Trial Data (Demo 5)\train\audio_model\extracted_audio\truthful\trial_truth_060.wav,0,truthful,15.0,20.0,20.015625
